Language,original,german
STR_DZPOINTS_TOKEN_1,DeutschZ-Wertmarke - 1 Punkt,DeutschZ-Wertmarke - 1 Punkt
STR_DZPOINTS_TOKEN_DESC_1,Beim mobilen Schwarzmarkt gegen einen DeutschZ Point einloesbar.,Beim mobilen Schwarzmarkt gegen einen DeutschZ Point einloesbar.
STR_DZPOINTS_TOKEN_2,DeutschZ-Wertmarke - 2 Punkte,DeutschZ-Wertmarke - 2 Punkte
STR_DZPOINTS_TOKEN_DESC_2,Beim mobilen Schwarzmarkt gegen zwei DeutschZ Points einloesbar.,Beim mobilen Schwarzmarkt gegen zwei DeutschZ Points einloesbar.
STR_DZPOINTS_TOKEN_3,DeutschZ-Wertmarke - 3 Punkte,DeutschZ-Wertmarke - 3 Punkte
STR_DZPOINTS_TOKEN_DESC_3,Beim mobilen Schwarzmarkt gegen drei DeutschZ Points einloesbar.,Beim mobilen Schwarzmarkt gegen drei DeutschZ Points einloesbar.
STR_DZPOINTS_TOKEN_5,DeutschZ-Wertmarke - 5 Punkte,DeutschZ-Wertmarke - 5 Punkte
STR_DZPOINTS_TOKEN_DESC_5,Beim mobilen Schwarzmarkt gegen fuenf DeutschZ Points einloesbar.,Beim mobilen Schwarzmarkt gegen fuenf DeutschZ Points einloesbar.
STR_DZPOINTS_TOKEN_25,DeutschZ-Sondermarke - 25 Punkte,DeutschZ-Sondermarke - 25 Punkte
STR_DZPOINTS_TOKEN_DESC_25,Seltene Eventmarke. Beim mobilen Schwarzmarkt gegen 25 DeutschZ Points einloesbar.,Seltene Eventmarke. Beim mobilen Schwarzmarkt gegen 25 DeutschZ Points einloesbar.
