QuellPNG;V2PNG;ZielPAA;Original;POTCanvas;Render;Offset;Alpha;Status
C:\Users\patsl\Downloads\DeutschZ_UI_Production_Kit\01_PANELS\Bottom_Navigation_normal.png;E:\DeutschZ\DeutschZ-ModZ\src\DeutschZ_MenuMusic_V2_Test\gui\v2_kit\panels\bottom_navigation_normal.png;E:\DeutschZ\DeutschZ-ModZ\src\DeutschZ_MenuMusic_V2_Test\gui\v2_kit\panels\bottom_navigation_normal.paa;1580x160;2048x256;2048x207;0,24;JA;PNG_BEREIT
C:\Users\patsl\Downloads\DeutschZ_UI_Production_Kit\01_PANELS\Character_Stats_normal.png;E:\DeutschZ\DeutschZ-ModZ\src\DeutschZ_MenuMusic_V2_Test\gui\v2_kit\panels\character_stats_normal.png;E:\DeutschZ\DeutschZ-ModZ\src\DeutschZ_MenuMusic_V2_Test\gui\v2_kit\panels\character_stats_normal.paa;1220x160;2048x256;1952x256;48,0;JA;PNG_BEREIT
C:\Users\patsl\Downloads\DeutschZ_UI_Production_Kit\01_PANELS\Events_4_Cards_normal.png;E:\DeutschZ\DeutschZ-ModZ\src\DeutschZ_MenuMusic_V2_Test\gui\v2_kit\panels\events_4_cards_normal.png;E:\DeutschZ\DeutschZ-ModZ\src\DeutschZ_MenuMusic_V2_Test\gui\v2_kit\panels\events_4_cards_normal.paa;1180x760;2048x1024;1590x1024;229,0;JA;PNG_BEREIT
C:\Users\patsl\Downloads\DeutschZ_UI_Production_Kit\01_PANELS\Main_Left_Compact_normal.png;E:\DeutschZ\DeutschZ-ModZ\src\DeutschZ_MenuMusic_V2_Test\gui\v2_kit\panels\main_left_compact_normal.png;E:\DeutschZ\DeutschZ-ModZ\src\DeutschZ_MenuMusic_V2_Test\gui\v2_kit\panels\main_left_compact_normal.paa;640x1040;1024x2048;1024x1664;0,192;JA;PNG_BEREIT
C:\Users\patsl\Downloads\DeutschZ_UI_Production_Kit\01_PANELS\Music_Player_normal.png;E:\DeutschZ\DeutschZ-ModZ\src\DeutschZ_MenuMusic_V2_Test\gui\v2_kit\panels\music_player_normal.png;E:\DeutschZ\DeutschZ-ModZ\src\DeutschZ_MenuMusic_V2_Test\gui\v2_kit\panels\music_player_normal.paa;1200x260;2048x512;2048x444;0,34;JA;PNG_BEREIT
C:\Users\patsl\Downloads\DeutschZ_UI_Production_Kit\01_PANELS\News_normal.png;E:\DeutschZ\DeutschZ-ModZ\src\DeutschZ_MenuMusic_V2_Test\gui\v2_kit\panels\news_normal.png;E:\DeutschZ\DeutschZ-ModZ\src\DeutschZ_MenuMusic_V2_Test\gui\v2_kit\panels\news_normal.paa;760x360;1024x512;1024x485;0,13;JA;PNG_BEREIT
C:\Users\patsl\Downloads\DeutschZ_UI_Production_Kit\02_BUTTONS\Text\CHARAKTER_disabled.png;E:\DeutschZ\DeutschZ-ModZ\src\DeutschZ_MenuMusic_V2_Test\gui\v2_kit\buttons\charakter_disabled.png;E:\DeutschZ\DeutschZ-ModZ\src\DeutschZ_MenuMusic_V2_Test\gui\v2_kit\buttons\charakter_disabled.paa;760x118;1024x128;824x128;100,0;JA;PNG_BEREIT
C:\Users\patsl\Downloads\DeutschZ_UI_Production_Kit\02_BUTTONS\Text\CHARAKTER_hover.png;E:\DeutschZ\DeutschZ-ModZ\src\DeutschZ_MenuMusic_V2_Test\gui\v2_kit\buttons\charakter_hover.png;E:\DeutschZ\DeutschZ-ModZ\src\DeutschZ_MenuMusic_V2_Test\gui\v2_kit\buttons\charakter_hover.paa;760x118;1024x128;824x128;100,0;JA;PNG_BEREIT
C:\Users\patsl\Downloads\DeutschZ_UI_Production_Kit\02_BUTTONS\Text\CHARAKTER_normal.png;E:\DeutschZ\DeutschZ-ModZ\src\DeutschZ_MenuMusic_V2_Test\gui\v2_kit\buttons\charakter_normal.png;E:\DeutschZ\DeutschZ-ModZ\src\DeutschZ_MenuMusic_V2_Test\gui\v2_kit\buttons\charakter_normal.paa;760x118;1024x128;824x128;100,0;JA;PNG_BEREIT
C:\Users\patsl\Downloads\DeutschZ_UI_Production_Kit\02_BUTTONS\Text\CHARAKTER_pressed.png;E:\DeutschZ\DeutschZ-ModZ\src\DeutschZ_MenuMusic_V2_Test\gui\v2_kit\buttons\charakter_pressed.png;E:\DeutschZ\DeutschZ-ModZ\src\DeutschZ_MenuMusic_V2_Test\gui\v2_kit\buttons\charakter_pressed.paa;760x118;1024x128;824x128;100,0;JA;PNG_BEREIT
C:\Users\patsl\Downloads\DeutschZ_UI_Production_Kit\02_BUTTONS\Text\CHARAKTER_selected.png;E:\DeutschZ\DeutschZ-ModZ\src\DeutschZ_MenuMusic_V2_Test\gui\v2_kit\buttons\charakter_selected.png;E:\DeutschZ\DeutschZ-ModZ\src\DeutschZ_MenuMusic_V2_Test\gui\v2_kit\buttons\charakter_selected.paa;760x118;1024x128;824x128;100,0;JA;PNG_BEREIT
C:\Users\patsl\Downloads\DeutschZ_UI_Production_Kit\02_BUTTONS\Text\DISCORD_disabled.png;E:\DeutschZ\DeutschZ-ModZ\src\DeutschZ_MenuMusic_V2_Test\gui\v2_kit\buttons\discord_disabled.png;E:\DeutschZ\DeutschZ-ModZ\src\DeutschZ_MenuMusic_V2_Test\gui\v2_kit\buttons\discord_disabled.paa;360x112;512x128;411x128;50,0;JA;PNG_BEREIT
C:\Users\patsl\Downloads\DeutschZ_UI_Production_Kit\02_BUTTONS\Text\DISCORD_hover.png;E:\DeutschZ\DeutschZ-ModZ\src\DeutschZ_MenuMusic_V2_Test\gui\v2_kit\buttons\discord_hover.png;E:\DeutschZ\DeutschZ-ModZ\src\DeutschZ_MenuMusic_V2_Test\gui\v2_kit\buttons\discord_hover.paa;360x112;512x128;411x128;50,0;JA;PNG_BEREIT
C:\Users\patsl\Downloads\DeutschZ_UI_Production_Kit\02_BUTTONS\Text\DISCORD_normal.png;E:\DeutschZ\DeutschZ-ModZ\src\DeutschZ_MenuMusic_V2_Test\gui\v2_kit\buttons\discord_normal.png;E:\DeutschZ\DeutschZ-ModZ\src\DeutschZ_MenuMusic_V2_Test\gui\v2_kit\buttons\discord_normal.paa;360x112;512x128;411x128;50,0;JA;PNG_BEREIT
C:\Users\patsl\Downloads\DeutschZ_UI_Production_Kit\02_BUTTONS\Text\DISCORD_pressed.png;E:\DeutschZ\DeutschZ-ModZ\src\DeutschZ_MenuMusic_V2_Test\gui\v2_kit\buttons\discord_pressed.png;E:\DeutschZ\DeutschZ-ModZ\src\DeutschZ_MenuMusic_V2_Test\gui\v2_kit\buttons\discord_pressed.paa;360x112;512x128;411x128;50,0;JA;PNG_BEREIT
C:\Users\patsl\Downloads\DeutschZ_UI_Production_Kit\02_BUTTONS\Text\DISCORD_selected.png;E:\DeutschZ\DeutschZ-ModZ\src\DeutschZ_MenuMusic_V2_Test\gui\v2_kit\buttons\discord_selected.png;E:\DeutschZ\DeutschZ-ModZ\src\DeutschZ_MenuMusic_V2_Test\gui\v2_kit\buttons\discord_selected.paa;360x112;512x128;411x128;50,0;JA;PNG_BEREIT
C:\Users\patsl\Downloads\DeutschZ_UI_Production_Kit\02_BUTTONS\Text\PLAY_NOW_disabled.png;E:\DeutschZ\DeutschZ-ModZ\src\DeutschZ_MenuMusic_V2_Test\gui\v2_kit\buttons\play_now_disabled.png;E:\DeutschZ\DeutschZ-ModZ\src\DeutschZ_MenuMusic_V2_Test\gui\v2_kit\buttons\play_now_disabled.paa;760x150;1024x256;1024x202;0,27;JA;PNG_BEREIT
C:\Users\patsl\Downloads\DeutschZ_UI_Production_Kit\02_BUTTONS\Text\PLAY_NOW_hover.png;E:\DeutschZ\DeutschZ-ModZ\src\DeutschZ_MenuMusic_V2_Test\gui\v2_kit\buttons\play_now_hover.png;E:\DeutschZ\DeutschZ-ModZ\src\DeutschZ_MenuMusic_V2_Test\gui\v2_kit\buttons\play_now_hover.paa;760x150;1024x256;1024x202;0,27;JA;PNG_BEREIT
C:\Users\patsl\Downloads\DeutschZ_UI_Production_Kit\02_BUTTONS\Text\PLAY_NOW_normal.png;E:\DeutschZ\DeutschZ-ModZ\src\DeutschZ_MenuMusic_V2_Test\gui\v2_kit\buttons\play_now_normal.png;E:\DeutschZ\DeutschZ-ModZ\src\DeutschZ_MenuMusic_V2_Test\gui\v2_kit\buttons\play_now_normal.paa;760x150;1024x256;1024x202;0,27;JA;PNG_BEREIT
C:\Users\patsl\Downloads\DeutschZ_UI_Production_Kit\02_BUTTONS\Text\PLAY_NOW_pressed.png;E:\DeutschZ\DeutschZ-ModZ\src\DeutschZ_MenuMusic_V2_Test\gui\v2_kit\buttons\play_now_pressed.png;E:\DeutschZ\DeutschZ-ModZ\src\DeutschZ_MenuMusic_V2_Test\gui\v2_kit\buttons\play_now_pressed.paa;760x150;1024x256;1024x202;0,27;JA;PNG_BEREIT
C:\Users\patsl\Downloads\DeutschZ_UI_Production_Kit\02_BUTTONS\Text\PLAY_NOW_selected.png;E:\DeutschZ\DeutschZ-ModZ\src\DeutschZ_MenuMusic_V2_Test\gui\v2_kit\buttons\play_now_selected.png;E:\DeutschZ\DeutschZ-ModZ\src\DeutschZ_MenuMusic_V2_Test\gui\v2_kit\buttons\play_now_selected.paa;760x150;1024x256;1024x202;0,27;JA;PNG_BEREIT
C:\Users\patsl\Downloads\DeutschZ_UI_Production_Kit\02_BUTTONS\Text\SERVER_SUCHEN_disabled.png;E:\DeutschZ\DeutschZ-ModZ\src\DeutschZ_MenuMusic_V2_Test\gui\v2_kit\buttons\server_suchen_disabled.png;E:\DeutschZ\DeutschZ-ModZ\src\DeutschZ_MenuMusic_V2_Test\gui\v2_kit\buttons\server_suchen_disabled.paa;760x118;1024x128;824x128;100,0;JA;PNG_BEREIT
C:\Users\patsl\Downloads\DeutschZ_UI_Production_Kit\02_BUTTONS\Text\SERVER_SUCHEN_hover.png;E:\DeutschZ\DeutschZ-ModZ\src\DeutschZ_MenuMusic_V2_Test\gui\v2_kit\buttons\server_suchen_hover.png;E:\DeutschZ\DeutschZ-ModZ\src\DeutschZ_MenuMusic_V2_Test\gui\v2_kit\buttons\server_suchen_hover.paa;760x118;1024x128;824x128;100,0;JA;PNG_BEREIT
C:\Users\patsl\Downloads\DeutschZ_UI_Production_Kit\02_BUTTONS\Text\SERVER_SUCHEN_normal.png;E:\DeutschZ\DeutschZ-ModZ\src\DeutschZ_MenuMusic_V2_Test\gui\v2_kit\buttons\server_suchen_normal.png;E:\DeutschZ\DeutschZ-ModZ\src\DeutschZ_MenuMusic_V2_Test\gui\v2_kit\buttons\server_suchen_normal.paa;760x118;1024x128;824x128;100,0;JA;PNG_BEREIT
C:\Users\patsl\Downloads\DeutschZ_UI_Production_Kit\02_BUTTONS\Text\SERVER_SUCHEN_pressed.png;E:\DeutschZ\DeutschZ-ModZ\src\DeutschZ_MenuMusic_V2_Test\gui\v2_kit\buttons\server_suchen_pressed.png;E:\DeutschZ\DeutschZ-ModZ\src\DeutschZ_MenuMusic_V2_Test\gui\v2_kit\buttons\server_suchen_pressed.paa;760x118;1024x128;824x128;100,0;JA;PNG_BEREIT
C:\Users\patsl\Downloads\DeutschZ_UI_Production_Kit\02_BUTTONS\Text\SERVER_SUCHEN_selected.png;E:\DeutschZ\DeutschZ-ModZ\src\DeutschZ_MenuMusic_V2_Test\gui\v2_kit\buttons\server_suchen_selected.png;E:\DeutschZ\DeutschZ-ModZ\src\DeutschZ_MenuMusic_V2_Test\gui\v2_kit\buttons\server_suchen_selected.paa;760x118;1024x128;824x128;100,0;JA;PNG_BEREIT
C:\Users\patsl\Downloads\DeutschZ_UI_Production_Kit\02_BUTTONS\Text\VOTE_disabled.png;E:\DeutschZ\DeutschZ-ModZ\src\DeutschZ_MenuMusic_V2_Test\gui\v2_kit\buttons\vote_disabled.png;E:\DeutschZ\DeutschZ-ModZ\src\DeutschZ_MenuMusic_V2_Test\gui\v2_kit\buttons\vote_disabled.paa;760x118;1024x128;824x128;100,0;JA;PNG_BEREIT
C:\Users\patsl\Downloads\DeutschZ_UI_Production_Kit\02_BUTTONS\Text\VOTE_hover.png;E:\DeutschZ\DeutschZ-ModZ\src\DeutschZ_MenuMusic_V2_Test\gui\v2_kit\buttons\vote_hover.png;E:\DeutschZ\DeutschZ-ModZ\src\DeutschZ_MenuMusic_V2_Test\gui\v2_kit\buttons\vote_hover.paa;760x118;1024x128;824x128;100,0;JA;PNG_BEREIT
C:\Users\patsl\Downloads\DeutschZ_UI_Production_Kit\02_BUTTONS\Text\VOTE_normal.png;E:\DeutschZ\DeutschZ-ModZ\src\DeutschZ_MenuMusic_V2_Test\gui\v2_kit\buttons\vote_normal.png;E:\DeutschZ\DeutschZ-ModZ\src\DeutschZ_MenuMusic_V2_Test\gui\v2_kit\buttons\vote_normal.paa;760x118;1024x128;824x128;100,0;JA;PNG_BEREIT
C:\Users\patsl\Downloads\DeutschZ_UI_Production_Kit\02_BUTTONS\Text\VOTE_pressed.png;E:\DeutschZ\DeutschZ-ModZ\src\DeutschZ_MenuMusic_V2_Test\gui\v2_kit\buttons\vote_pressed.png;E:\DeutschZ\DeutschZ-ModZ\src\DeutschZ_MenuMusic_V2_Test\gui\v2_kit\buttons\vote_pressed.paa;760x118;1024x128;824x128;100,0;JA;PNG_BEREIT
C:\Users\patsl\Downloads\DeutschZ_UI_Production_Kit\02_BUTTONS\Text\VOTE_selected.png;E:\DeutschZ\DeutschZ-ModZ\src\DeutschZ_MenuMusic_V2_Test\gui\v2_kit\buttons\vote_selected.png;E:\DeutschZ\DeutschZ-ModZ\src\DeutschZ_MenuMusic_V2_Test\gui\v2_kit\buttons\vote_selected.paa;760x118;1024x128;824x128;100,0;JA;PNG_BEREIT
C:\Users\patsl\Downloads\DeutschZ_UI_Production_Kit\02_BUTTONS\Text\WEBSITE_disabled.png;E:\DeutschZ\DeutschZ-ModZ\src\DeutschZ_MenuMusic_V2_Test\gui\v2_kit\buttons\website_disabled.png;E:\DeutschZ\DeutschZ-ModZ\src\DeutschZ_MenuMusic_V2_Test\gui\v2_kit\buttons\website_disabled.paa;360x112;512x128;411x128;50,0;JA;PNG_BEREIT
C:\Users\patsl\Downloads\DeutschZ_UI_Production_Kit\02_BUTTONS\Text\WEBSITE_hover.png;E:\DeutschZ\DeutschZ-ModZ\src\DeutschZ_MenuMusic_V2_Test\gui\v2_kit\buttons\website_hover.png;E:\DeutschZ\DeutschZ-ModZ\src\DeutschZ_MenuMusic_V2_Test\gui\v2_kit\buttons\website_hover.paa;360x112;512x128;411x128;50,0;JA;PNG_BEREIT
C:\Users\patsl\Downloads\DeutschZ_UI_Production_Kit\02_BUTTONS\Text\WEBSITE_normal.png;E:\DeutschZ\DeutschZ-ModZ\src\DeutschZ_MenuMusic_V2_Test\gui\v2_kit\buttons\website_normal.png;E:\DeutschZ\DeutschZ-ModZ\src\DeutschZ_MenuMusic_V2_Test\gui\v2_kit\buttons\website_normal.paa;360x112;512x128;411x128;50,0;JA;PNG_BEREIT
C:\Users\patsl\Downloads\DeutschZ_UI_Production_Kit\02_BUTTONS\Text\WEBSITE_pressed.png;E:\DeutschZ\DeutschZ-ModZ\src\DeutschZ_MenuMusic_V2_Test\gui\v2_kit\buttons\website_pressed.png;E:\DeutschZ\DeutschZ-ModZ\src\DeutschZ_MenuMusic_V2_Test\gui\v2_kit\buttons\website_pressed.paa;360x112;512x128;411x128;50,0;JA;PNG_BEREIT
C:\Users\patsl\Downloads\DeutschZ_UI_Production_Kit\02_BUTTONS\Text\WEBSITE_selected.png;E:\DeutschZ\DeutschZ-ModZ\src\DeutschZ_MenuMusic_V2_Test\gui\v2_kit\buttons\website_selected.png;E:\DeutschZ\DeutschZ-ModZ\src\DeutschZ_MenuMusic_V2_Test\gui\v2_kit\buttons\website_selected.paa;360x112;512x128;411x128;50,0;JA;PNG_BEREIT
C:\Users\patsl\Downloads\DeutschZ_UI_Production_Kit\03_ICONS\Navigation\events_active.png;E:\DeutschZ\DeutschZ-ModZ\src\DeutschZ_MenuMusic_V2_Test\gui\v2_kit\icons\nav_events_active.png;E:\DeutschZ\DeutschZ-ModZ\src\DeutschZ_MenuMusic_V2_Test\gui\v2_kit\icons\nav_events_active.paa;256x256;256x256;256x256;0,0;JA;PNG_BEREIT
C:\Users\patsl\Downloads\DeutschZ_UI_Production_Kit\03_ICONS\Navigation\events_disabled.png;E:\DeutschZ\DeutschZ-ModZ\src\DeutschZ_MenuMusic_V2_Test\gui\v2_kit\icons\nav_events_disabled.png;E:\DeutschZ\DeutschZ-ModZ\src\DeutschZ_MenuMusic_V2_Test\gui\v2_kit\icons\nav_events_disabled.paa;256x256;256x256;256x256;0,0;JA;PNG_BEREIT
C:\Users\patsl\Downloads\DeutschZ_UI_Production_Kit\03_ICONS\Navigation\events_hover.png;E:\DeutschZ\DeutschZ-ModZ\src\DeutschZ_MenuMusic_V2_Test\gui\v2_kit\icons\nav_events_hover.png;E:\DeutschZ\DeutschZ-ModZ\src\DeutschZ_MenuMusic_V2_Test\gui\v2_kit\icons\nav_events_hover.paa;256x256;256x256;256x256;0,0;JA;PNG_BEREIT
C:\Users\patsl\Downloads\DeutschZ_UI_Production_Kit\03_ICONS\Navigation\events_normal.png;E:\DeutschZ\DeutschZ-ModZ\src\DeutschZ_MenuMusic_V2_Test\gui\v2_kit\icons\nav_events_normal.png;E:\DeutschZ\DeutschZ-ModZ\src\DeutschZ_MenuMusic_V2_Test\gui\v2_kit\icons\nav_events_normal.paa;256x256;256x256;256x256;0,0;JA;PNG_BEREIT
C:\Users\patsl\Downloads\DeutschZ_UI_Production_Kit\03_ICONS\Navigation\events_pressed.png;E:\DeutschZ\DeutschZ-ModZ\src\DeutschZ_MenuMusic_V2_Test\gui\v2_kit\icons\nav_events_pressed.png;E:\DeutschZ\DeutschZ-ModZ\src\DeutschZ_MenuMusic_V2_Test\gui\v2_kit\icons\nav_events_pressed.paa;256x256;256x256;256x256;0,0;JA;PNG_BEREIT
C:\Users\patsl\Downloads\DeutschZ_UI_Production_Kit\03_ICONS\Navigation\home_active.png;E:\DeutschZ\DeutschZ-ModZ\src\DeutschZ_MenuMusic_V2_Test\gui\v2_kit\icons\nav_home_active.png;E:\DeutschZ\DeutschZ-ModZ\src\DeutschZ_MenuMusic_V2_Test\gui\v2_kit\icons\nav_home_active.paa;256x256;256x256;256x256;0,0;JA;PNG_BEREIT
C:\Users\patsl\Downloads\DeutschZ_UI_Production_Kit\03_ICONS\Navigation\home_disabled.png;E:\DeutschZ\DeutschZ-ModZ\src\DeutschZ_MenuMusic_V2_Test\gui\v2_kit\icons\nav_home_disabled.png;E:\DeutschZ\DeutschZ-ModZ\src\DeutschZ_MenuMusic_V2_Test\gui\v2_kit\icons\nav_home_disabled.paa;256x256;256x256;256x256;0,0;JA;PNG_BEREIT
C:\Users\patsl\Downloads\DeutschZ_UI_Production_Kit\03_ICONS\Navigation\home_hover.png;E:\DeutschZ\DeutschZ-ModZ\src\DeutschZ_MenuMusic_V2_Test\gui\v2_kit\icons\nav_home_hover.png;E:\DeutschZ\DeutschZ-ModZ\src\DeutschZ_MenuMusic_V2_Test\gui\v2_kit\icons\nav_home_hover.paa;256x256;256x256;256x256;0,0;JA;PNG_BEREIT
C:\Users\patsl\Downloads\DeutschZ_UI_Production_Kit\03_ICONS\Navigation\home_normal.png;E:\DeutschZ\DeutschZ-ModZ\src\DeutschZ_MenuMusic_V2_Test\gui\v2_kit\icons\nav_home_normal.png;E:\DeutschZ\DeutschZ-ModZ\src\DeutschZ_MenuMusic_V2_Test\gui\v2_kit\icons\nav_home_normal.paa;256x256;256x256;256x256;0,0;JA;PNG_BEREIT
C:\Users\patsl\Downloads\DeutschZ_UI_Production_Kit\03_ICONS\Navigation\home_pressed.png;E:\DeutschZ\DeutschZ-ModZ\src\DeutschZ_MenuMusic_V2_Test\gui\v2_kit\icons\nav_home_pressed.png;E:\DeutschZ\DeutschZ-ModZ\src\DeutschZ_MenuMusic_V2_Test\gui\v2_kit\icons\nav_home_pressed.paa;256x256;256x256;256x256;0,0;JA;PNG_BEREIT
C:\Users\patsl\Downloads\DeutschZ_UI_Production_Kit\03_ICONS\Navigation\power_active.png;E:\DeutschZ\DeutschZ-ModZ\src\DeutschZ_MenuMusic_V2_Test\gui\v2_kit\icons\nav_power_active.png;E:\DeutschZ\DeutschZ-ModZ\src\DeutschZ_MenuMusic_V2_Test\gui\v2_kit\icons\nav_power_active.paa;256x256;256x256;256x256;0,0;JA;PNG_BEREIT
C:\Users\patsl\Downloads\DeutschZ_UI_Production_Kit\03_ICONS\Navigation\power_disabled.png;E:\DeutschZ\DeutschZ-ModZ\src\DeutschZ_MenuMusic_V2_Test\gui\v2_kit\icons\nav_power_disabled.png;E:\DeutschZ\DeutschZ-ModZ\src\DeutschZ_MenuMusic_V2_Test\gui\v2_kit\icons\nav_power_disabled.paa;256x256;256x256;256x256;0,0;JA;PNG_BEREIT
C:\Users\patsl\Downloads\DeutschZ_UI_Production_Kit\03_ICONS\Navigation\power_hover.png;E:\DeutschZ\DeutschZ-ModZ\src\DeutschZ_MenuMusic_V2_Test\gui\v2_kit\icons\nav_power_hover.png;E:\DeutschZ\DeutschZ-ModZ\src\DeutschZ_MenuMusic_V2_Test\gui\v2_kit\icons\nav_power_hover.paa;256x256;256x256;256x256;0,0;JA;PNG_BEREIT
C:\Users\patsl\Downloads\DeutschZ_UI_Production_Kit\03_ICONS\Navigation\power_normal.png;E:\DeutschZ\DeutschZ-ModZ\src\DeutschZ_MenuMusic_V2_Test\gui\v2_kit\icons\nav_power_normal.png;E:\DeutschZ\DeutschZ-ModZ\src\DeutschZ_MenuMusic_V2_Test\gui\v2_kit\icons\nav_power_normal.paa;256x256;256x256;256x256;0,0;JA;PNG_BEREIT
C:\Users\patsl\Downloads\DeutschZ_UI_Production_Kit\03_ICONS\Navigation\power_pressed.png;E:\DeutschZ\DeutschZ-ModZ\src\DeutschZ_MenuMusic_V2_Test\gui\v2_kit\icons\nav_power_pressed.png;E:\DeutschZ\DeutschZ-ModZ\src\DeutschZ_MenuMusic_V2_Test\gui\v2_kit\icons\nav_power_pressed.paa;256x256;256x256;256x256;0,0;JA;PNG_BEREIT
C:\Users\patsl\Downloads\DeutschZ_UI_Production_Kit\03_ICONS\Navigation\profile_active.png;E:\DeutschZ\DeutschZ-ModZ\src\DeutschZ_MenuMusic_V2_Test\gui\v2_kit\icons\nav_profile_active.png;E:\DeutschZ\DeutschZ-ModZ\src\DeutschZ_MenuMusic_V2_Test\gui\v2_kit\icons\nav_profile_active.paa;256x256;256x256;256x256;0,0;JA;PNG_BEREIT
C:\Users\patsl\Downloads\DeutschZ_UI_Production_Kit\03_ICONS\Navigation\profile_disabled.png;E:\DeutschZ\DeutschZ-ModZ\src\DeutschZ_MenuMusic_V2_Test\gui\v2_kit\icons\nav_profile_disabled.png;E:\DeutschZ\DeutschZ-ModZ\src\DeutschZ_MenuMusic_V2_Test\gui\v2_kit\icons\nav_profile_disabled.paa;256x256;256x256;256x256;0,0;JA;PNG_BEREIT
C:\Users\patsl\Downloads\DeutschZ_UI_Production_Kit\03_ICONS\Navigation\profile_hover.png;E:\DeutschZ\DeutschZ-ModZ\src\DeutschZ_MenuMusic_V2_Test\gui\v2_kit\icons\nav_profile_hover.png;E:\DeutschZ\DeutschZ-ModZ\src\DeutschZ_MenuMusic_V2_Test\gui\v2_kit\icons\nav_profile_hover.paa;256x256;256x256;256x256;0,0;JA;PNG_BEREIT
C:\Users\patsl\Downloads\DeutschZ_UI_Production_Kit\03_ICONS\Navigation\profile_normal.png;E:\DeutschZ\DeutschZ-ModZ\src\DeutschZ_MenuMusic_V2_Test\gui\v2_kit\icons\nav_profile_normal.png;E:\DeutschZ\DeutschZ-ModZ\src\DeutschZ_MenuMusic_V2_Test\gui\v2_kit\icons\nav_profile_normal.paa;256x256;256x256;256x256;0,0;JA;PNG_BEREIT
C:\Users\patsl\Downloads\DeutschZ_UI_Production_Kit\03_ICONS\Navigation\profile_pressed.png;E:\DeutschZ\DeutschZ-ModZ\src\DeutschZ_MenuMusic_V2_Test\gui\v2_kit\icons\nav_profile_pressed.png;E:\DeutschZ\DeutschZ-ModZ\src\DeutschZ_MenuMusic_V2_Test\gui\v2_kit\icons\nav_profile_pressed.paa;256x256;256x256;256x256;0,0;JA;PNG_BEREIT
C:\Users\patsl\Downloads\DeutschZ_UI_Production_Kit\03_ICONS\Navigation\rules_active.png;E:\DeutschZ\DeutschZ-ModZ\src\DeutschZ_MenuMusic_V2_Test\gui\v2_kit\icons\nav_rules_active.png;E:\DeutschZ\DeutschZ-ModZ\src\DeutschZ_MenuMusic_V2_Test\gui\v2_kit\icons\nav_rules_active.paa;256x256;256x256;256x256;0,0;JA;PNG_BEREIT
C:\Users\patsl\Downloads\DeutschZ_UI_Production_Kit\03_ICONS\Navigation\rules_disabled.png;E:\DeutschZ\DeutschZ-ModZ\src\DeutschZ_MenuMusic_V2_Test\gui\v2_kit\icons\nav_rules_disabled.png;E:\DeutschZ\DeutschZ-ModZ\src\DeutschZ_MenuMusic_V2_Test\gui\v2_kit\icons\nav_rules_disabled.paa;256x256;256x256;256x256;0,0;JA;PNG_BEREIT
C:\Users\patsl\Downloads\DeutschZ_UI_Production_Kit\03_ICONS\Navigation\rules_hover.png;E:\DeutschZ\DeutschZ-ModZ\src\DeutschZ_MenuMusic_V2_Test\gui\v2_kit\icons\nav_rules_hover.png;E:\DeutschZ\DeutschZ-ModZ\src\DeutschZ_MenuMusic_V2_Test\gui\v2_kit\icons\nav_rules_hover.paa;256x256;256x256;256x256;0,0;JA;PNG_BEREIT
C:\Users\patsl\Downloads\DeutschZ_UI_Production_Kit\03_ICONS\Navigation\rules_normal.png;E:\DeutschZ\DeutschZ-ModZ\src\DeutschZ_MenuMusic_V2_Test\gui\v2_kit\icons\nav_rules_normal.png;E:\DeutschZ\DeutschZ-ModZ\src\DeutschZ_MenuMusic_V2_Test\gui\v2_kit\icons\nav_rules_normal.paa;256x256;256x256;256x256;0,0;JA;PNG_BEREIT
C:\Users\patsl\Downloads\DeutschZ_UI_Production_Kit\03_ICONS\Navigation\rules_pressed.png;E:\DeutschZ\DeutschZ-ModZ\src\DeutschZ_MenuMusic_V2_Test\gui\v2_kit\icons\nav_rules_pressed.png;E:\DeutschZ\DeutschZ-ModZ\src\DeutschZ_MenuMusic_V2_Test\gui\v2_kit\icons\nav_rules_pressed.paa;256x256;256x256;256x256;0,0;JA;PNG_BEREIT
C:\Users\patsl\Downloads\DeutschZ_UI_Production_Kit\03_ICONS\Navigation\server_active.png;E:\DeutschZ\DeutschZ-ModZ\src\DeutschZ_MenuMusic_V2_Test\gui\v2_kit\icons\nav_server_active.png;E:\DeutschZ\DeutschZ-ModZ\src\DeutschZ_MenuMusic_V2_Test\gui\v2_kit\icons\nav_server_active.paa;256x256;256x256;256x256;0,0;JA;PNG_BEREIT
C:\Users\patsl\Downloads\DeutschZ_UI_Production_Kit\03_ICONS\Navigation\server_disabled.png;E:\DeutschZ\DeutschZ-ModZ\src\DeutschZ_MenuMusic_V2_Test\gui\v2_kit\icons\nav_server_disabled.png;E:\DeutschZ\DeutschZ-ModZ\src\DeutschZ_MenuMusic_V2_Test\gui\v2_kit\icons\nav_server_disabled.paa;256x256;256x256;256x256;0,0;JA;PNG_BEREIT
C:\Users\patsl\Downloads\DeutschZ_UI_Production_Kit\03_ICONS\Navigation\server_hover.png;E:\DeutschZ\DeutschZ-ModZ\src\DeutschZ_MenuMusic_V2_Test\gui\v2_kit\icons\nav_server_hover.png;E:\DeutschZ\DeutschZ-ModZ\src\DeutschZ_MenuMusic_V2_Test\gui\v2_kit\icons\nav_server_hover.paa;256x256;256x256;256x256;0,0;JA;PNG_BEREIT
C:\Users\patsl\Downloads\DeutschZ_UI_Production_Kit\03_ICONS\Navigation\server_normal.png;E:\DeutschZ\DeutschZ-ModZ\src\DeutschZ_MenuMusic_V2_Test\gui\v2_kit\icons\nav_server_normal.png;E:\DeutschZ\DeutschZ-ModZ\src\DeutschZ_MenuMusic_V2_Test\gui\v2_kit\icons\nav_server_normal.paa;256x256;256x256;256x256;0,0;JA;PNG_BEREIT
C:\Users\patsl\Downloads\DeutschZ_UI_Production_Kit\03_ICONS\Navigation\server_pressed.png;E:\DeutschZ\DeutschZ-ModZ\src\DeutschZ_MenuMusic_V2_Test\gui\v2_kit\icons\nav_server_pressed.png;E:\DeutschZ\DeutschZ-ModZ\src\DeutschZ_MenuMusic_V2_Test\gui\v2_kit\icons\nav_server_pressed.paa;256x256;256x256;256x256;0,0;JA;PNG_BEREIT
C:\Users\patsl\Downloads\DeutschZ_UI_Production_Kit\03_ICONS\Navigation\settings_active.png;E:\DeutschZ\DeutschZ-ModZ\src\DeutschZ_MenuMusic_V2_Test\gui\v2_kit\icons\nav_settings_active.png;E:\DeutschZ\DeutschZ-ModZ\src\DeutschZ_MenuMusic_V2_Test\gui\v2_kit\icons\nav_settings_active.paa;256x256;256x256;256x256;0,0;JA;PNG_BEREIT
C:\Users\patsl\Downloads\DeutschZ_UI_Production_Kit\03_ICONS\Navigation\settings_disabled.png;E:\DeutschZ\DeutschZ-ModZ\src\DeutschZ_MenuMusic_V2_Test\gui\v2_kit\icons\nav_settings_disabled.png;E:\DeutschZ\DeutschZ-ModZ\src\DeutschZ_MenuMusic_V2_Test\gui\v2_kit\icons\nav_settings_disabled.paa;256x256;256x256;256x256;0,0;JA;PNG_BEREIT
C:\Users\patsl\Downloads\DeutschZ_UI_Production_Kit\03_ICONS\Navigation\settings_hover.png;E:\DeutschZ\DeutschZ-ModZ\src\DeutschZ_MenuMusic_V2_Test\gui\v2_kit\icons\nav_settings_hover.png;E:\DeutschZ\DeutschZ-ModZ\src\DeutschZ_MenuMusic_V2_Test\gui\v2_kit\icons\nav_settings_hover.paa;256x256;256x256;256x256;0,0;JA;PNG_BEREIT
C:\Users\patsl\Downloads\DeutschZ_UI_Production_Kit\03_ICONS\Navigation\settings_normal.png;E:\DeutschZ\DeutschZ-ModZ\src\DeutschZ_MenuMusic_V2_Test\gui\v2_kit\icons\nav_settings_normal.png;E:\DeutschZ\DeutschZ-ModZ\src\DeutschZ_MenuMusic_V2_Test\gui\v2_kit\icons\nav_settings_normal.paa;256x256;256x256;256x256;0,0;JA;PNG_BEREIT
C:\Users\patsl\Downloads\DeutschZ_UI_Production_Kit\03_ICONS\Navigation\settings_pressed.png;E:\DeutschZ\DeutschZ-ModZ\src\DeutschZ_MenuMusic_V2_Test\gui\v2_kit\icons\nav_settings_pressed.png;E:\DeutschZ\DeutschZ-ModZ\src\DeutschZ_MenuMusic_V2_Test\gui\v2_kit\icons\nav_settings_pressed.paa;256x256;256x256;256x256;0,0;JA;PNG_BEREIT
C:\Users\patsl\Downloads\DeutschZ_UI_Production_Kit\03_ICONS\Navigation\shop_active.png;E:\DeutschZ\DeutschZ-ModZ\src\DeutschZ_MenuMusic_V2_Test\gui\v2_kit\icons\nav_shop_active.png;E:\DeutschZ\DeutschZ-ModZ\src\DeutschZ_MenuMusic_V2_Test\gui\v2_kit\icons\nav_shop_active.paa;256x256;256x256;256x256;0,0;JA;PNG_BEREIT
C:\Users\patsl\Downloads\DeutschZ_UI_Production_Kit\03_ICONS\Navigation\shop_disabled.png;E:\DeutschZ\DeutschZ-ModZ\src\DeutschZ_MenuMusic_V2_Test\gui\v2_kit\icons\nav_shop_disabled.png;E:\DeutschZ\DeutschZ-ModZ\src\DeutschZ_MenuMusic_V2_Test\gui\v2_kit\icons\nav_shop_disabled.paa;256x256;256x256;256x256;0,0;JA;PNG_BEREIT
C:\Users\patsl\Downloads\DeutschZ_UI_Production_Kit\03_ICONS\Navigation\shop_hover.png;E:\DeutschZ\DeutschZ-ModZ\src\DeutschZ_MenuMusic_V2_Test\gui\v2_kit\icons\nav_shop_hover.png;E:\DeutschZ\DeutschZ-ModZ\src\DeutschZ_MenuMusic_V2_Test\gui\v2_kit\icons\nav_shop_hover.paa;256x256;256x256;256x256;0,0;JA;PNG_BEREIT
C:\Users\patsl\Downloads\DeutschZ_UI_Production_Kit\03_ICONS\Navigation\shop_normal.png;E:\DeutschZ\DeutschZ-ModZ\src\DeutschZ_MenuMusic_V2_Test\gui\v2_kit\icons\nav_shop_normal.png;E:\DeutschZ\DeutschZ-ModZ\src\DeutschZ_MenuMusic_V2_Test\gui\v2_kit\icons\nav_shop_normal.paa;256x256;256x256;256x256;0,0;JA;PNG_BEREIT
C:\Users\patsl\Downloads\DeutschZ_UI_Production_Kit\03_ICONS\Navigation\shop_pressed.png;E:\DeutschZ\DeutschZ-ModZ\src\DeutschZ_MenuMusic_V2_Test\gui\v2_kit\icons\nav_shop_pressed.png;E:\DeutschZ\DeutschZ-ModZ\src\DeutschZ_MenuMusic_V2_Test\gui\v2_kit\icons\nav_shop_pressed.paa;256x256;256x256;256x256;0,0;JA;PNG_BEREIT
C:\Users\patsl\Downloads\DeutschZ_UI_Production_Kit\03_ICONS\Navigation\support_active.png;E:\DeutschZ\DeutschZ-ModZ\src\DeutschZ_MenuMusic_V2_Test\gui\v2_kit\icons\nav_support_active.png;E:\DeutschZ\DeutschZ-ModZ\src\DeutschZ_MenuMusic_V2_Test\gui\v2_kit\icons\nav_support_active.paa;256x256;256x256;256x256;0,0;JA;PNG_BEREIT
C:\Users\patsl\Downloads\DeutschZ_UI_Production_Kit\03_ICONS\Navigation\support_disabled.png;E:\DeutschZ\DeutschZ-ModZ\src\DeutschZ_MenuMusic_V2_Test\gui\v2_kit\icons\nav_support_disabled.png;E:\DeutschZ\DeutschZ-ModZ\src\DeutschZ_MenuMusic_V2_Test\gui\v2_kit\icons\nav_support_disabled.paa;256x256;256x256;256x256;0,0;JA;PNG_BEREIT
C:\Users\patsl\Downloads\DeutschZ_UI_Production_Kit\03_ICONS\Navigation\support_hover.png;E:\DeutschZ\DeutschZ-ModZ\src\DeutschZ_MenuMusic_V2_Test\gui\v2_kit\icons\nav_support_hover.png;E:\DeutschZ\DeutschZ-ModZ\src\DeutschZ_MenuMusic_V2_Test\gui\v2_kit\icons\nav_support_hover.paa;256x256;256x256;256x256;0,0;JA;PNG_BEREIT
C:\Users\patsl\Downloads\DeutschZ_UI_Production_Kit\03_ICONS\Navigation\support_normal.png;E:\DeutschZ\DeutschZ-ModZ\src\DeutschZ_MenuMusic_V2_Test\gui\v2_kit\icons\nav_support_normal.png;E:\DeutschZ\DeutschZ-ModZ\src\DeutschZ_MenuMusic_V2_Test\gui\v2_kit\icons\nav_support_normal.paa;256x256;256x256;256x256;0,0;JA;PNG_BEREIT
C:\Users\patsl\Downloads\DeutschZ_UI_Production_Kit\03_ICONS\Navigation\support_pressed.png;E:\DeutschZ\DeutschZ-ModZ\src\DeutschZ_MenuMusic_V2_Test\gui\v2_kit\icons\nav_support_pressed.png;E:\DeutschZ\DeutschZ-ModZ\src\DeutschZ_MenuMusic_V2_Test\gui\v2_kit\icons\nav_support_pressed.paa;256x256;256x256;256x256;0,0;JA;PNG_BEREIT
C:\Users\patsl\Downloads\DeutschZ_UI_Production_Kit\04_EVENT_CARDS\AIRDROPZ_active.png;E:\DeutschZ\DeutschZ-ModZ\src\DeutschZ_MenuMusic_V2_Test\gui\v2_kit\event_cards\airdropz_active.png;E:\DeutschZ\DeutschZ-ModZ\src\DeutschZ_MenuMusic_V2_Test\gui\v2_kit\event_cards\airdropz_active.paa;520x760;1024x1024;701x1024;161,0;JA;PNG_BEREIT
C:\Users\patsl\Downloads\DeutschZ_UI_Production_Kit\04_EVENT_CARDS\AIRDROPZ_disabled.png;E:\DeutschZ\DeutschZ-ModZ\src\DeutschZ_MenuMusic_V2_Test\gui\v2_kit\event_cards\airdropz_disabled.png;E:\DeutschZ\DeutschZ-ModZ\src\DeutschZ_MenuMusic_V2_Test\gui\v2_kit\event_cards\airdropz_disabled.paa;520x760;1024x1024;701x1024;161,0;JA;PNG_BEREIT
C:\Users\patsl\Downloads\DeutschZ_UI_Production_Kit\04_EVENT_CARDS\AIRDROPZ_hover.png;E:\DeutschZ\DeutschZ-ModZ\src\DeutschZ_MenuMusic_V2_Test\gui\v2_kit\event_cards\airdropz_hover.png;E:\DeutschZ\DeutschZ-ModZ\src\DeutschZ_MenuMusic_V2_Test\gui\v2_kit\event_cards\airdropz_hover.paa;520x760;1024x1024;701x1024;161,0;JA;PNG_BEREIT
C:\Users\patsl\Downloads\DeutschZ_UI_Production_Kit\04_EVENT_CARDS\AIRDROPZ_locked.png;E:\DeutschZ\DeutschZ-ModZ\src\DeutschZ_MenuMusic_V2_Test\gui\v2_kit\event_cards\airdropz_locked.png;E:\DeutschZ\DeutschZ-ModZ\src\DeutschZ_MenuMusic_V2_Test\gui\v2_kit\event_cards\airdropz_locked.paa;520x760;1024x1024;701x1024;161,0;JA;PNG_BEREIT
C:\Users\patsl\Downloads\DeutschZ_UI_Production_Kit\04_EVENT_CARDS\AIRDROPZ_normal.png;E:\DeutschZ\DeutschZ-ModZ\src\DeutschZ_MenuMusic_V2_Test\gui\v2_kit\event_cards\airdropz_normal.png;E:\DeutschZ\DeutschZ-ModZ\src\DeutschZ_MenuMusic_V2_Test\gui\v2_kit\event_cards\airdropz_normal.paa;520x760;1024x1024;701x1024;161,0;JA;PNG_BEREIT
C:\Users\patsl\Downloads\DeutschZ_UI_Production_Kit\04_EVENT_CARDS\AIRDROPZ_pressed.png;E:\DeutschZ\DeutschZ-ModZ\src\DeutschZ_MenuMusic_V2_Test\gui\v2_kit\event_cards\airdropz_pressed.png;E:\DeutschZ\DeutschZ-ModZ\src\DeutschZ_MenuMusic_V2_Test\gui\v2_kit\event_cards\airdropz_pressed.paa;520x760;1024x1024;701x1024;161,0;JA;PNG_BEREIT
C:\Users\patsl\Downloads\DeutschZ_UI_Production_Kit\04_EVENT_CARDS\AIRDROPZ_selected.png;E:\DeutschZ\DeutschZ-ModZ\src\DeutschZ_MenuMusic_V2_Test\gui\v2_kit\event_cards\airdropz_selected.png;E:\DeutschZ\DeutschZ-ModZ\src\DeutschZ_MenuMusic_V2_Test\gui\v2_kit\event_cards\airdropz_selected.paa;520x760;1024x1024;701x1024;161,0;JA;PNG_BEREIT
C:\Users\patsl\Downloads\DeutschZ_UI_Production_Kit\04_EVENT_CARDS\AIRDROPZ_warning.png;E:\DeutschZ\DeutschZ-ModZ\src\DeutschZ_MenuMusic_V2_Test\gui\v2_kit\event_cards\airdropz_warning.png;E:\DeutschZ\DeutschZ-ModZ\src\DeutschZ_MenuMusic_V2_Test\gui\v2_kit\event_cards\airdropz_warning.paa;520x760;1024x1024;701x1024;161,0;JA;PNG_BEREIT
C:\Users\patsl\Downloads\DeutschZ_UI_Production_Kit\04_EVENT_CARDS\CONVOYZ_active.png;E:\DeutschZ\DeutschZ-ModZ\src\DeutschZ_MenuMusic_V2_Test\gui\v2_kit\event_cards\convoyz_active.png;E:\DeutschZ\DeutschZ-ModZ\src\DeutschZ_MenuMusic_V2_Test\gui\v2_kit\event_cards\convoyz_active.paa;520x760;1024x1024;701x1024;161,0;JA;PNG_BEREIT
C:\Users\patsl\Downloads\DeutschZ_UI_Production_Kit\04_EVENT_CARDS\CONVOYZ_disabled.png;E:\DeutschZ\DeutschZ-ModZ\src\DeutschZ_MenuMusic_V2_Test\gui\v2_kit\event_cards\convoyz_disabled.png;E:\DeutschZ\DeutschZ-ModZ\src\DeutschZ_MenuMusic_V2_Test\gui\v2_kit\event_cards\convoyz_disabled.paa;520x760;1024x1024;701x1024;161,0;JA;PNG_BEREIT
C:\Users\patsl\Downloads\DeutschZ_UI_Production_Kit\04_EVENT_CARDS\CONVOYZ_hover.png;E:\DeutschZ\DeutschZ-ModZ\src\DeutschZ_MenuMusic_V2_Test\gui\v2_kit\event_cards\convoyz_hover.png;E:\DeutschZ\DeutschZ-ModZ\src\DeutschZ_MenuMusic_V2_Test\gui\v2_kit\event_cards\convoyz_hover.paa;520x760;1024x1024;701x1024;161,0;JA;PNG_BEREIT
C:\Users\patsl\Downloads\DeutschZ_UI_Production_Kit\04_EVENT_CARDS\CONVOYZ_locked.png;E:\DeutschZ\DeutschZ-ModZ\src\DeutschZ_MenuMusic_V2_Test\gui\v2_kit\event_cards\convoyz_locked.png;E:\DeutschZ\DeutschZ-ModZ\src\DeutschZ_MenuMusic_V2_Test\gui\v2_kit\event_cards\convoyz_locked.paa;520x760;1024x1024;701x1024;161,0;JA;PNG_BEREIT
C:\Users\patsl\Downloads\DeutschZ_UI_Production_Kit\04_EVENT_CARDS\CONVOYZ_normal.png;E:\DeutschZ\DeutschZ-ModZ\src\DeutschZ_MenuMusic_V2_Test\gui\v2_kit\event_cards\convoyz_normal.png;E:\DeutschZ\DeutschZ-ModZ\src\DeutschZ_MenuMusic_V2_Test\gui\v2_kit\event_cards\convoyz_normal.paa;520x760;1024x1024;701x1024;161,0;JA;PNG_BEREIT
C:\Users\patsl\Downloads\DeutschZ_UI_Production_Kit\04_EVENT_CARDS\CONVOYZ_pressed.png;E:\DeutschZ\DeutschZ-ModZ\src\DeutschZ_MenuMusic_V2_Test\gui\v2_kit\event_cards\convoyz_pressed.png;E:\DeutschZ\DeutschZ-ModZ\src\DeutschZ_MenuMusic_V2_Test\gui\v2_kit\event_cards\convoyz_pressed.paa;520x760;1024x1024;701x1024;161,0;JA;PNG_BEREIT
C:\Users\patsl\Downloads\DeutschZ_UI_Production_Kit\04_EVENT_CARDS\CONVOYZ_selected.png;E:\DeutschZ\DeutschZ-ModZ\src\DeutschZ_MenuMusic_V2_Test\gui\v2_kit\event_cards\convoyz_selected.png;E:\DeutschZ\DeutschZ-ModZ\src\DeutschZ_MenuMusic_V2_Test\gui\v2_kit\event_cards\convoyz_selected.paa;520x760;1024x1024;701x1024;161,0;JA;PNG_BEREIT
C:\Users\patsl\Downloads\DeutschZ_UI_Production_Kit\04_EVENT_CARDS\CONVOYZ_warning.png;E:\DeutschZ\DeutschZ-ModZ\src\DeutschZ_MenuMusic_V2_Test\gui\v2_kit\event_cards\convoyz_warning.png;E:\DeutschZ\DeutschZ-ModZ\src\DeutschZ_MenuMusic_V2_Test\gui\v2_kit\event_cards\convoyz_warning.paa;520x760;1024x1024;701x1024;161,0;JA;PNG_BEREIT
C:\Users\patsl\Downloads\DeutschZ_UI_Production_Kit\04_EVENT_CARDS\CRASHZ_active.png;E:\DeutschZ\DeutschZ-ModZ\src\DeutschZ_MenuMusic_V2_Test\gui\v2_kit\event_cards\crashz_active.png;E:\DeutschZ\DeutschZ-ModZ\src\DeutschZ_MenuMusic_V2_Test\gui\v2_kit\event_cards\crashz_active.paa;520x760;1024x1024;701x1024;161,0;JA;PNG_BEREIT
C:\Users\patsl\Downloads\DeutschZ_UI_Production_Kit\04_EVENT_CARDS\CRASHZ_disabled.png;E:\DeutschZ\DeutschZ-ModZ\src\DeutschZ_MenuMusic_V2_Test\gui\v2_kit\event_cards\crashz_disabled.png;E:\DeutschZ\DeutschZ-ModZ\src\DeutschZ_MenuMusic_V2_Test\gui\v2_kit\event_cards\crashz_disabled.paa;520x760;1024x1024;701x1024;161,0;JA;PNG_BEREIT
C:\Users\patsl\Downloads\DeutschZ_UI_Production_Kit\04_EVENT_CARDS\CRASHZ_hover.png;E:\DeutschZ\DeutschZ-ModZ\src\DeutschZ_MenuMusic_V2_Test\gui\v2_kit\event_cards\crashz_hover.png;E:\DeutschZ\DeutschZ-ModZ\src\DeutschZ_MenuMusic_V2_Test\gui\v2_kit\event_cards\crashz_hover.paa;520x760;1024x1024;701x1024;161,0;JA;PNG_BEREIT
C:\Users\patsl\Downloads\DeutschZ_UI_Production_Kit\04_EVENT_CARDS\CRASHZ_locked.png;E:\DeutschZ\DeutschZ-ModZ\src\DeutschZ_MenuMusic_V2_Test\gui\v2_kit\event_cards\crashz_locked.png;E:\DeutschZ\DeutschZ-ModZ\src\DeutschZ_MenuMusic_V2_Test\gui\v2_kit\event_cards\crashz_locked.paa;520x760;1024x1024;701x1024;161,0;JA;PNG_BEREIT
C:\Users\patsl\Downloads\DeutschZ_UI_Production_Kit\04_EVENT_CARDS\CRASHZ_normal.png;E:\DeutschZ\DeutschZ-ModZ\src\DeutschZ_MenuMusic_V2_Test\gui\v2_kit\event_cards\crashz_normal.png;E:\DeutschZ\DeutschZ-ModZ\src\DeutschZ_MenuMusic_V2_Test\gui\v2_kit\event_cards\crashz_normal.paa;520x760;1024x1024;701x1024;161,0;JA;PNG_BEREIT
C:\Users\patsl\Downloads\DeutschZ_UI_Production_Kit\04_EVENT_CARDS\CRASHZ_pressed.png;E:\DeutschZ\DeutschZ-ModZ\src\DeutschZ_MenuMusic_V2_Test\gui\v2_kit\event_cards\crashz_pressed.png;E:\DeutschZ\DeutschZ-ModZ\src\DeutschZ_MenuMusic_V2_Test\gui\v2_kit\event_cards\crashz_pressed.paa;520x760;1024x1024;701x1024;161,0;JA;PNG_BEREIT
C:\Users\patsl\Downloads\DeutschZ_UI_Production_Kit\04_EVENT_CARDS\CRASHZ_selected.png;E:\DeutschZ\DeutschZ-ModZ\src\DeutschZ_MenuMusic_V2_Test\gui\v2_kit\event_cards\crashz_selected.png;E:\DeutschZ\DeutschZ-ModZ\src\DeutschZ_MenuMusic_V2_Test\gui\v2_kit\event_cards\crashz_selected.paa;520x760;1024x1024;701x1024;161,0;JA;PNG_BEREIT
C:\Users\patsl\Downloads\DeutschZ_UI_Production_Kit\04_EVENT_CARDS\CRASHZ_warning.png;E:\DeutschZ\DeutschZ-ModZ\src\DeutschZ_MenuMusic_V2_Test\gui\v2_kit\event_cards\crashz_warning.png;E:\DeutschZ\DeutschZ-ModZ\src\DeutschZ_MenuMusic_V2_Test\gui\v2_kit\event_cards\crashz_warning.paa;520x760;1024x1024;701x1024;161,0;JA;PNG_BEREIT
C:\Users\patsl\Downloads\DeutschZ_UI_Production_Kit\04_EVENT_CARDS\KOTHZ_active.png;E:\DeutschZ\DeutschZ-ModZ\src\DeutschZ_MenuMusic_V2_Test\gui\v2_kit\event_cards\kothz_active.png;E:\DeutschZ\DeutschZ-ModZ\src\DeutschZ_MenuMusic_V2_Test\gui\v2_kit\event_cards\kothz_active.paa;520x760;1024x1024;701x1024;161,0;JA;PNG_BEREIT
C:\Users\patsl\Downloads\DeutschZ_UI_Production_Kit\04_EVENT_CARDS\KOTHZ_disabled.png;E:\DeutschZ\DeutschZ-ModZ\src\DeutschZ_MenuMusic_V2_Test\gui\v2_kit\event_cards\kothz_disabled.png;E:\DeutschZ\DeutschZ-ModZ\src\DeutschZ_MenuMusic_V2_Test\gui\v2_kit\event_cards\kothz_disabled.paa;520x760;1024x1024;701x1024;161,0;JA;PNG_BEREIT
C:\Users\patsl\Downloads\DeutschZ_UI_Production_Kit\04_EVENT_CARDS\KOTHZ_hover.png;E:\DeutschZ\DeutschZ-ModZ\src\DeutschZ_MenuMusic_V2_Test\gui\v2_kit\event_cards\kothz_hover.png;E:\DeutschZ\DeutschZ-ModZ\src\DeutschZ_MenuMusic_V2_Test\gui\v2_kit\event_cards\kothz_hover.paa;520x760;1024x1024;701x1024;161,0;JA;PNG_BEREIT
C:\Users\patsl\Downloads\DeutschZ_UI_Production_Kit\04_EVENT_CARDS\KOTHZ_locked.png;E:\DeutschZ\DeutschZ-ModZ\src\DeutschZ_MenuMusic_V2_Test\gui\v2_kit\event_cards\kothz_locked.png;E:\DeutschZ\DeutschZ-ModZ\src\DeutschZ_MenuMusic_V2_Test\gui\v2_kit\event_cards\kothz_locked.paa;520x760;1024x1024;701x1024;161,0;JA;PNG_BEREIT
C:\Users\patsl\Downloads\DeutschZ_UI_Production_Kit\04_EVENT_CARDS\KOTHZ_normal.png;E:\DeutschZ\DeutschZ-ModZ\src\DeutschZ_MenuMusic_V2_Test\gui\v2_kit\event_cards\kothz_normal.png;E:\DeutschZ\DeutschZ-ModZ\src\DeutschZ_MenuMusic_V2_Test\gui\v2_kit\event_cards\kothz_normal.paa;520x760;1024x1024;701x1024;161,0;JA;PNG_BEREIT
C:\Users\patsl\Downloads\DeutschZ_UI_Production_Kit\04_EVENT_CARDS\KOTHZ_pressed.png;E:\DeutschZ\DeutschZ-ModZ\src\DeutschZ_MenuMusic_V2_Test\gui\v2_kit\event_cards\kothz_pressed.png;E:\DeutschZ\DeutschZ-ModZ\src\DeutschZ_MenuMusic_V2_Test\gui\v2_kit\event_cards\kothz_pressed.paa;520x760;1024x1024;701x1024;161,0;JA;PNG_BEREIT
C:\Users\patsl\Downloads\DeutschZ_UI_Production_Kit\04_EVENT_CARDS\KOTHZ_selected.png;E:\DeutschZ\DeutschZ-ModZ\src\DeutschZ_MenuMusic_V2_Test\gui\v2_kit\event_cards\kothz_selected.png;E:\DeutschZ\DeutschZ-ModZ\src\DeutschZ_MenuMusic_V2_Test\gui\v2_kit\event_cards\kothz_selected.paa;520x760;1024x1024;701x1024;161,0;JA;PNG_BEREIT
C:\Users\patsl\Downloads\DeutschZ_UI_Production_Kit\04_EVENT_CARDS\KOTHZ_warning.png;E:\DeutschZ\DeutschZ-ModZ\src\DeutschZ_MenuMusic_V2_Test\gui\v2_kit\event_cards\kothz_warning.png;E:\DeutschZ\DeutschZ-ModZ\src\DeutschZ_MenuMusic_V2_Test\gui\v2_kit\event_cards\kothz_warning.paa;520x760;1024x1024;701x1024;161,0;JA;PNG_BEREIT
C:\Users\patsl\Downloads\DeutschZ_UI_Production_Kit\08_CONTROLS\MusicPlayer\next_active.png;E:\DeutschZ\DeutschZ-ModZ\src\DeutschZ_MenuMusic_V2_Test\gui\v2_kit\music\next_active.png;E:\DeutschZ\DeutschZ-ModZ\src\DeutschZ_MenuMusic_V2_Test\gui\v2_kit\music\next_active.paa;128x128;128x128;128x128;0,0;JA;PNG_BEREIT
C:\Users\patsl\Downloads\DeutschZ_UI_Production_Kit\08_CONTROLS\MusicPlayer\next_disabled.png;E:\DeutschZ\DeutschZ-ModZ\src\DeutschZ_MenuMusic_V2_Test\gui\v2_kit\music\next_disabled.png;E:\DeutschZ\DeutschZ-ModZ\src\DeutschZ_MenuMusic_V2_Test\gui\v2_kit\music\next_disabled.paa;128x128;128x128;128x128;0,0;JA;PNG_BEREIT
C:\Users\patsl\Downloads\DeutschZ_UI_Production_Kit\08_CONTROLS\MusicPlayer\next_hover.png;E:\DeutschZ\DeutschZ-ModZ\src\DeutschZ_MenuMusic_V2_Test\gui\v2_kit\music\next_hover.png;E:\DeutschZ\DeutschZ-ModZ\src\DeutschZ_MenuMusic_V2_Test\gui\v2_kit\music\next_hover.paa;128x128;128x128;128x128;0,0;JA;PNG_BEREIT
C:\Users\patsl\Downloads\DeutschZ_UI_Production_Kit\08_CONTROLS\MusicPlayer\next_normal.png;E:\DeutschZ\DeutschZ-ModZ\src\DeutschZ_MenuMusic_V2_Test\gui\v2_kit\music\next_normal.png;E:\DeutschZ\DeutschZ-ModZ\src\DeutschZ_MenuMusic_V2_Test\gui\v2_kit\music\next_normal.paa;128x128;128x128;128x128;0,0;JA;PNG_BEREIT
C:\Users\patsl\Downloads\DeutschZ_UI_Production_Kit\08_CONTROLS\MusicPlayer\next_pressed.png;E:\DeutschZ\DeutschZ-ModZ\src\DeutschZ_MenuMusic_V2_Test\gui\v2_kit\music\next_pressed.png;E:\DeutschZ\DeutschZ-ModZ\src\DeutschZ_MenuMusic_V2_Test\gui\v2_kit\music\next_pressed.paa;128x128;128x128;128x128;0,0;JA;PNG_BEREIT
C:\Users\patsl\Downloads\DeutschZ_UI_Production_Kit\08_CONTROLS\MusicPlayer\pause_active.png;E:\DeutschZ\DeutschZ-ModZ\src\DeutschZ_MenuMusic_V2_Test\gui\v2_kit\music\pause_active.png;E:\DeutschZ\DeutschZ-ModZ\src\DeutschZ_MenuMusic_V2_Test\gui\v2_kit\music\pause_active.paa;128x128;128x128;128x128;0,0;JA;PNG_BEREIT
C:\Users\patsl\Downloads\DeutschZ_UI_Production_Kit\08_CONTROLS\MusicPlayer\pause_disabled.png;E:\DeutschZ\DeutschZ-ModZ\src\DeutschZ_MenuMusic_V2_Test\gui\v2_kit\music\pause_disabled.png;E:\DeutschZ\DeutschZ-ModZ\src\DeutschZ_MenuMusic_V2_Test\gui\v2_kit\music\pause_disabled.paa;128x128;128x128;128x128;0,0;JA;PNG_BEREIT
C:\Users\patsl\Downloads\DeutschZ_UI_Production_Kit\08_CONTROLS\MusicPlayer\pause_hover.png;E:\DeutschZ\DeutschZ-ModZ\src\DeutschZ_MenuMusic_V2_Test\gui\v2_kit\music\pause_hover.png;E:\DeutschZ\DeutschZ-ModZ\src\DeutschZ_MenuMusic_V2_Test\gui\v2_kit\music\pause_hover.paa;128x128;128x128;128x128;0,0;JA;PNG_BEREIT
C:\Users\patsl\Downloads\DeutschZ_UI_Production_Kit\08_CONTROLS\MusicPlayer\pause_normal.png;E:\DeutschZ\DeutschZ-ModZ\src\DeutschZ_MenuMusic_V2_Test\gui\v2_kit\music\pause_normal.png;E:\DeutschZ\DeutschZ-ModZ\src\DeutschZ_MenuMusic_V2_Test\gui\v2_kit\music\pause_normal.paa;128x128;128x128;128x128;0,0;JA;PNG_BEREIT
C:\Users\patsl\Downloads\DeutschZ_UI_Production_Kit\08_CONTROLS\MusicPlayer\pause_pressed.png;E:\DeutschZ\DeutschZ-ModZ\src\DeutschZ_MenuMusic_V2_Test\gui\v2_kit\music\pause_pressed.png;E:\DeutschZ\DeutschZ-ModZ\src\DeutschZ_MenuMusic_V2_Test\gui\v2_kit\music\pause_pressed.paa;128x128;128x128;128x128;0,0;JA;PNG_BEREIT
C:\Users\patsl\Downloads\DeutschZ_UI_Production_Kit\08_CONTROLS\MusicPlayer\play_active.png;E:\DeutschZ\DeutschZ-ModZ\src\DeutschZ_MenuMusic_V2_Test\gui\v2_kit\music\play_active.png;E:\DeutschZ\DeutschZ-ModZ\src\DeutschZ_MenuMusic_V2_Test\gui\v2_kit\music\play_active.paa;128x128;128x128;128x128;0,0;JA;PNG_BEREIT
C:\Users\patsl\Downloads\DeutschZ_UI_Production_Kit\08_CONTROLS\MusicPlayer\play_disabled.png;E:\DeutschZ\DeutschZ-ModZ\src\DeutschZ_MenuMusic_V2_Test\gui\v2_kit\music\play_disabled.png;E:\DeutschZ\DeutschZ-ModZ\src\DeutschZ_MenuMusic_V2_Test\gui\v2_kit\music\play_disabled.paa;128x128;128x128;128x128;0,0;JA;PNG_BEREIT
C:\Users\patsl\Downloads\DeutschZ_UI_Production_Kit\08_CONTROLS\MusicPlayer\play_hover.png;E:\DeutschZ\DeutschZ-ModZ\src\DeutschZ_MenuMusic_V2_Test\gui\v2_kit\music\play_hover.png;E:\DeutschZ\DeutschZ-ModZ\src\DeutschZ_MenuMusic_V2_Test\gui\v2_kit\music\play_hover.paa;128x128;128x128;128x128;0,0;JA;PNG_BEREIT
C:\Users\patsl\Downloads\DeutschZ_UI_Production_Kit\08_CONTROLS\MusicPlayer\play_normal.png;E:\DeutschZ\DeutschZ-ModZ\src\DeutschZ_MenuMusic_V2_Test\gui\v2_kit\music\play_normal.png;E:\DeutschZ\DeutschZ-ModZ\src\DeutschZ_MenuMusic_V2_Test\gui\v2_kit\music\play_normal.paa;128x128;128x128;128x128;0,0;JA;PNG_BEREIT
C:\Users\patsl\Downloads\DeutschZ_UI_Production_Kit\08_CONTROLS\MusicPlayer\play_pressed.png;E:\DeutschZ\DeutschZ-ModZ\src\DeutschZ_MenuMusic_V2_Test\gui\v2_kit\music\play_pressed.png;E:\DeutschZ\DeutschZ-ModZ\src\DeutschZ_MenuMusic_V2_Test\gui\v2_kit\music\play_pressed.paa;128x128;128x128;128x128;0,0;JA;PNG_BEREIT
C:\Users\patsl\Downloads\DeutschZ_UI_Production_Kit\08_CONTROLS\MusicPlayer\prev_active.png;E:\DeutschZ\DeutschZ-ModZ\src\DeutschZ_MenuMusic_V2_Test\gui\v2_kit\music\prev_active.png;E:\DeutschZ\DeutschZ-ModZ\src\DeutschZ_MenuMusic_V2_Test\gui\v2_kit\music\prev_active.paa;128x128;128x128;128x128;0,0;JA;PNG_BEREIT
C:\Users\patsl\Downloads\DeutschZ_UI_Production_Kit\08_CONTROLS\MusicPlayer\prev_disabled.png;E:\DeutschZ\DeutschZ-ModZ\src\DeutschZ_MenuMusic_V2_Test\gui\v2_kit\music\prev_disabled.png;E:\DeutschZ\DeutschZ-ModZ\src\DeutschZ_MenuMusic_V2_Test\gui\v2_kit\music\prev_disabled.paa;128x128;128x128;128x128;0,0;JA;PNG_BEREIT
C:\Users\patsl\Downloads\DeutschZ_UI_Production_Kit\08_CONTROLS\MusicPlayer\prev_hover.png;E:\DeutschZ\DeutschZ-ModZ\src\DeutschZ_MenuMusic_V2_Test\gui\v2_kit\music\prev_hover.png;E:\DeutschZ\DeutschZ-ModZ\src\DeutschZ_MenuMusic_V2_Test\gui\v2_kit\music\prev_hover.paa;128x128;128x128;128x128;0,0;JA;PNG_BEREIT
C:\Users\patsl\Downloads\DeutschZ_UI_Production_Kit\08_CONTROLS\MusicPlayer\prev_normal.png;E:\DeutschZ\DeutschZ-ModZ\src\DeutschZ_MenuMusic_V2_Test\gui\v2_kit\music\prev_normal.png;E:\DeutschZ\DeutschZ-ModZ\src\DeutschZ_MenuMusic_V2_Test\gui\v2_kit\music\prev_normal.paa;128x128;128x128;128x128;0,0;JA;PNG_BEREIT
C:\Users\patsl\Downloads\DeutschZ_UI_Production_Kit\08_CONTROLS\MusicPlayer\prev_pressed.png;E:\DeutschZ\DeutschZ-ModZ\src\DeutschZ_MenuMusic_V2_Test\gui\v2_kit\music\prev_pressed.png;E:\DeutschZ\DeutschZ-ModZ\src\DeutschZ_MenuMusic_V2_Test\gui\v2_kit\music\prev_pressed.paa;128x128;128x128;128x128;0,0;JA;PNG_BEREIT
C:\Users\patsl\Downloads\DeutschZ_UI_Production_Kit\08_CONTROLS\MusicPlayer\volume_active.png;E:\DeutschZ\DeutschZ-ModZ\src\DeutschZ_MenuMusic_V2_Test\gui\v2_kit\music\volume_active.png;E:\DeutschZ\DeutschZ-ModZ\src\DeutschZ_MenuMusic_V2_Test\gui\v2_kit\music\volume_active.paa;128x128;128x128;128x128;0,0;JA;PNG_BEREIT
C:\Users\patsl\Downloads\DeutschZ_UI_Production_Kit\08_CONTROLS\MusicPlayer\volume_disabled.png;E:\DeutschZ\DeutschZ-ModZ\src\DeutschZ_MenuMusic_V2_Test\gui\v2_kit\music\volume_disabled.png;E:\DeutschZ\DeutschZ-ModZ\src\DeutschZ_MenuMusic_V2_Test\gui\v2_kit\music\volume_disabled.paa;128x128;128x128;128x128;0,0;JA;PNG_BEREIT
C:\Users\patsl\Downloads\DeutschZ_UI_Production_Kit\08_CONTROLS\MusicPlayer\volume_hover.png;E:\DeutschZ\DeutschZ-ModZ\src\DeutschZ_MenuMusic_V2_Test\gui\v2_kit\music\volume_hover.png;E:\DeutschZ\DeutschZ-ModZ\src\DeutschZ_MenuMusic_V2_Test\gui\v2_kit\music\volume_hover.paa;128x128;128x128;128x128;0,0;JA;PNG_BEREIT
C:\Users\patsl\Downloads\DeutschZ_UI_Production_Kit\08_CONTROLS\MusicPlayer\volume_normal.png;E:\DeutschZ\DeutschZ-ModZ\src\DeutschZ_MenuMusic_V2_Test\gui\v2_kit\music\volume_normal.png;E:\DeutschZ\DeutschZ-ModZ\src\DeutschZ_MenuMusic_V2_Test\gui\v2_kit\music\volume_normal.paa;128x128;128x128;128x128;0,0;JA;PNG_BEREIT
C:\Users\patsl\Downloads\DeutschZ_UI_Production_Kit\08_CONTROLS\MusicPlayer\volume_pressed.png;E:\DeutschZ\DeutschZ-ModZ\src\DeutschZ_MenuMusic_V2_Test\gui\v2_kit\music\volume_pressed.png;E:\DeutschZ\DeutschZ-ModZ\src\DeutschZ_MenuMusic_V2_Test\gui\v2_kit\music\volume_pressed.paa;128x128;128x128;128x128;0,0;JA;PNG_BEREIT
