Language,original,english,german,chinesesimp,chinese,russian,czech,polish,hungarian,italian,spanish,french,portuguese,japanese
"dzp_open_house_menu","Open house menu","Open house menu","Öffne Hausmenü","打开房屋菜单","開放日菜單","Открыть меню","Den otevřených dveří","Otwórz menu domu","Nyitott ház menü","Menu della casa aperto","Menu Puertas Casa","Menu portes ouvertes","Menu da casa aberta","オープンハウスメニュー"
"dzp_open_house_menu_admin","[Admin] Open house menu","[Admin] Open house menu","[Admin] Öffne Hausmenü","[管理员] 打开房屋菜单","[管理員] 開放日菜單","[Админ] Открыть меню","[Admin] Den otevřených dveří","[Admin] Otwórz menu domu","[Admin] Nyitott ház menü","[Admin] Menu della casa aperto","[Admin] Menu Puertas Casa","[Admin] Menu portes ouvertes","[Admin] Menu da casa aberta","[Admin] オープンハウスメニュー"
"dzp_House_Menu","House Menu","House Menu","Hausmenü","房屋菜单","房屋菜單","Меню дома","Menu domu","Menu domu","Ház menü","Menu casa","Menu Casa","Maison Menu","Menu da Casa","家のメニュー"
"dzp_Buy_Price","Purchase price","Purchase price","Kaufpreis","购买价格","購買價格","Цена покупки","Cena nákupu","Cena zakupu","Vételár","Prezzo di acquisto","Precio de compra","Prix d'achat","Preço de compra","購入価格"
"dzp_Price","Price","Price","Preis","价格：","價格：","Цена","Cena","Cena","Ár","Prezzo","Precio","Prix","Preço","価格"
"dzp_Sell_Price","Selling price","Selling price","Verkaufspreis","售价","售價：","Цена продажи","Prodejní cena","Cena sprzedaży","Eladási ár","Prezzo di vendita","Precio de Venta","Prix ​​de vente","Preço de venda","販売価格"
"dzp_Buy","Buy","Buy","Kaufen","买","買","Купить","Koupit","Kup","megvesz","Acquistare","Comprar","Acheter","Comprar","購入"
"dzp_Sell","Sell","Sell","Verkaufen","卖","賣","Продавать","Prodat","Sprzedać","Elad","Vendere","Vender","Vendre","Vender","売る"
"dzp_Money","Money","Money","Bargeld","钱：","錢：","Деньги","Peníze","Pieniądze","Pénz","I soldi","Dinero","De l'argent","Dinheiro","お金："
"dzp_successfully_sell_house","Successfully sold house","Successfully sold house","Haus erfolgreich verkauft.","成功出售房屋","成功出售房屋","Успешно проданный дом","Dům byl úspěšně prodán","Dom sprzedany pomyślnie","Sikeresen eladott ház","Casa venduta con successo","Casa vendida con Éxito","Maison vendue avec succès","Casa vendida com sucesso","家の売却に成功"
"dzp_error_sell_house","There was an error. Please retry.","There was an error. Please retry.","Es gab einen Fehler. Bitte versuche es erneut.","出现错误。请重试。","出現錯誤。請重試。","Произошла ошибка. Пожалуйста, повторите попытку.","Došlo k chybě. Zkuste to znovu.","Wystąpił błąd. Spróbuj ponownie.","Hiba történt. Kérjük, próbálja újra.","Si è verificato un errore. Riprova.","Hubo un error. Por favor, inténtalo de nuevo.","Il y a eu une erreur. Veuillez réessayer.","Houve um erro. Por favor, tente novamente.","エラーが発生しました。もう一度やり直してください。"
"dzp_error_not_enough_money","Error you have not enough %1","Error you have not enough %1","Fehler Du hast nicht genug %1","错误：你没有足够的 %1","錯誤：你沒有足夠的 %1","Ошибка у вас недостаточно %1","Chyba nemáš dostatek %1","Błąd nie masz wystarczająco %1","Hiba nincs elég %1","Errore non hai abbastanza %1","Error no tienes suficiente %1","Erreur vous n'avez pas assez de %1","Erro você não tem %1 suficiente","エラー：%1が足りません"
"dzp_error_buying_house","Error please try again.","Error please try again.","Fehler Bitte versuche es erneut.","错误：请重试。","錯誤：請重試。","Ошибка попробуйте еще раз.","Chyba zkuste to znovu.","Błąd spróbuj ponownie.","Hiba próbáld újra.","Errore riprova.","Error por favor, inténtalo de nuevo.","Erreur  veuillez réessayer.","Erro por favor, tente novamente.","エラー：もう一度やり直してください。"
"dzp_successfully_buy_house","Successfully bought house.","Successfully bought house.","Haus wurde erfolgreich gekauft.","成功购房。","成功購房。","Успешно купленный дом.","Dům byl úspěšně zakoupen.","Dom zakupiony pomyślnie.","Sikeresen megvásárolt ház.","Casa acquistata con successo.","Compraste la casa de forma satisfactoria.","Maison achetée avec succès.","Casa comprada com sucesso.","家の購入に成功しました。"
"dzp_raid_item_has_not_enough_helth","Burglary tool looks damaged. Get a new one.","Burglary tool looks damaged. Get a new one.","Einbruchswerkzeug schaut beschädigt aus. Besorge dir ein neues.","盗窃工具看起来已损坏。换一个新的。","盜竊工具看起來已損壞。換一個新的。","Инструмент для взлома выглядит поврежденным. Получите новый.","Nástroj vloupání vypadá poškozený. Získejte nový.","Narzędzie antywłamaniowe wygląda na uszkodzone. Kup nowy.","A betöréses eszköz sérültnek tűnik. Szerezz be újat.","Lo strumento antifurto sembra danneggiato. Acquistane uno nuovo.","La herramienta de Raideo está dañada. Consigue una nueva.","L'outil de cambriolage semble endommagé. Obtenez-en un nouveau.","A ferramenta de roubo parece danificada. Obtenha um novo.","盗難ツールが破損しているように見えます。新しいものを入手してください。"
"dzp_you_can_not_raid_that_door","You can't break down this door","You can't break down this door","Du kannst diese Tür nicht aufbrechen.","你不能打破这扇门","你不能打破這扇門","Вы не можете сломать эту дверь","Ty dveře nemůžeš rozbít","Nie możesz wyważyć tych drzwi","Nem lehet betörni ezt az ajtót","Non puoi sfondare questa porta","No puedes derribar esta puerta","Tu ne peux pas enfoncer cette porte","Você não pode quebrar esta porta","このドアを壊すことはできません"
"dzp_can_not_look_door","You cannot lock the door.","You cannot lock the door.","Du kannst die Tür nicht abschließen.","您不能锁门。","您不能鎖門。","Вы не можете запереть дверь.","Nemůžete zamknout dveře.","Nie możesz zamknąć drzwi.","Nem lehet bezárni az ajtót.","Non puoi chiudere a chiave la porta.","No puedes cerrar la puerta.","Vous ne pouvez pas verrouiller la porte.","Você não pode trancar a porta.","ドアをロックすることはできません。"
"dzp_door_is_looked","Door is locked","Door is locked","Tür ist verschlossen","门已上锁","門已上鎖","Дверь заперта","Dveře jsou zamčené","Drzwi są zamknięte","Ajtó zárva van","La porta è chiusa","La puerta está cerrada","La porte est verrouillée","Porta está trancada","ドアがロックされています"
"dzp_error_buying_extension","Error Extension could not be purchased","Error Extension could not be purchased","Fehler Anbau konnte nicht gekauft werden.","错误：无法购买扩展","錯誤：無法購買擴展","Ошибка не удалось купить расширение","Chyba Rozšíření nelze zakoupit","Błąd nie można kupić rozszerzenia","Hiba A kiterjesztést nem sikerült megvásárolni","Errore impossibile acquistare l'estensione","Error No se pudo comprar la extensión","Erreur l'extension n'a pas pu être achetée","Erro A extensão não pôde ser comprada","拡張機能を購入できませんでした"
"dzp_Alarm_system","Alarm system","Alarm system","Alarmanlage","警报系统","警報系統","Аварийная система","Bezpečnostní systém","System alarmowy","Riasztó berendezés","Sistema d'allarme","Sistema de alarma","Système d'alarme","Sistema de alarme","警報システム"
"dzp_successfully_buy_alarm_system","Alarm system successfully purchased","Alarm system successfully purchased","Alarmanlage erfolgreich gekauft.","警报系统已成功购买","警報系統已成功購買","Система охранной сигнализации успешно куплена","Poplašný systém byl úspěšně zakoupen","System alarmowy został zakupiony pomyślnie","A riasztórendszer sikeresen megvásárolható","Sistema di allarme acquistato con successo","Sistema de alarma comprado con éxito","Système d'alarme acheté avec succès","Sistema de alarme adquirido com sucesso","警報システムの購入に成功"
"dzp_Level","Level","Level","Stufe","级别","級別","Уровень","Úroveň","Poziom","Szint","Livello","Nivel","Niveau","Nível","レベル"
"Alarm_system_message_1","One of your houses is being broken into.","One of your houses is being broken into.","Eins deiner Häuser wird gerade aufgebrochen.","您的其中一间房屋被盗了。","您的其中一間房屋被盜了。","Один из ваших домов взломан.","Jeden z vašich domů je vloupán.","Włamano do jednego z twoich domów.","Az egyik házadba betörnek.","Una delle tue case è stata scassinata.","Una de sus casas está siendo asaltada.","Une de vos maisons est cambriolée.","Uma de suas casas está sendo invadida.","あなたの家の1つが侵入されています。"
"Alarm_system_message_2","One of your houses is being broken into. Building name","One of your houses is being broken into. Building name","Eins deiner Häuser wird gerade aufgebrochen. Hausname","您的其中一间房屋被盗了。房屋类型：","您的其中一間房屋被盜了。房屋類型：","Один из ваших домов взломан. Тип дома","Jeden z vašich domů je vloupán. Typ domu","Włamano do jednego z twoich domów. Typ domu","Az egyik házadba betörnek. Ház típusa","Una delle tue case è stata scassinata. Tipo di casa","Una de sus casas está siendo asaltada. Tipo de casa","Une de vos maisons est cambriolée. Type de maison","Uma de suas casas está sendo invadida. Tipo de casa","あなたの家の1つが侵入されています。家のタイプ："
"Alarm_system_message_3","One of your houses is being broken into. Building name/ burglar","One of your houses is being broken into. Building name / burglar","Eins deiner Häuser wird gerade aufgebrochen. Hausname/Einbrecher","您的其中一间房屋被盗了。房屋类型/防盗：","您的其中一間房屋被盜了。房屋類型/防盜：","Один из ваших домов взломан. Тип дома / взломщик","Jeden z vašich domů je vloupán. Typ domu / zloděj","Włamano do jednego z twoich domów. Typ domu / włamywacz","Az egyik házadba betörnek. Ház típus / betörő","Una delle tue case è stata scassinata. Tipo di casa / ladro","Una de sus casas está siendo asaltada. Tipo de casa / ladrón","Une de vos maisons est cambriolée. Type de maison / cambrioleur","Uma de suas casas está sendo invadida. Tipo de casa / assaltante","あなたの家の1つが侵入されています。家のタイプ/泥棒："
"Alarm_system_message_4","One of your houses is being broken into. Building name/ burglar","One of your houses is being broken into. Building name / burglar","Eins deiner Häuser wird gerade aufgebrochen. Hausname/Einbrecher","您的其中一间房屋被盗了。房屋类型/防盗：","您的其中一間房屋被盜了。房屋類型/防盜：","Один из ваших домов взломан. Тип дома / взломщик","Jeden z vašich domů je vloupán. Typ domu / zloděj","Włamano do jednego z twoich domów. Typ domu / włamywacz","Az egyik házadba betörnek. Ház típus / betörő","Una delle tue case è stata scassinata. Tipo di casa / ladro","Una de sus casas está siendo asaltada. Tipo de casa / ladrón","Une de vos maisons est cambriolée. Type de maison / cambrioleur","Uma de suas casas está sendo invadida. Tipo de casa / assaltante","あなたの家の1つが侵入されています。家のタイプ/泥棒："
"Alarm_system_desc_1","Alarm system level 1 if your house is broken into you get a message","Alarm system level 1 if your house is broken into you get a message","Alarmanlage Stufe 1 wenn dein Haus aufgebrochen wird bekommst du eine Nachricht","警报系统级别1：如果您的房屋被闯入，您会收到一条消息","警報系統級別1：如果您的房屋被闖入，您將收到一條消息","Сигнализация уровня 1 если ваш дом взломан, вы получите сообщение","Poplašný systém úrovně 1 pokud je váš dům rozbitý, obdržíte zprávu","System alarmowy poziomu 1 jeśli włamie się do Twojego domu, otrzymasz komunikat","A riasztórendszer 1 ha betörik a házába, üzenetet kap","Sistema di allarme di livello 1 se la tua casa è scassinata riceverai un messaggio","Nivel 1 del sistema de alarma si su casa es forzada recibirá un mensaje","Système d'alarme niveau 1 si votre maison est cambriolée, vous recevrez un message","Sistema de alarme nível 1 se a sua casa for arrombada você receberá uma mensagem","警報システムレベル1、あなたの家が侵入された場合、あなたはメッセージを受け取ります。"
"Alarm_system_desc_2","Alarm system level 2 if your house is broken into you will receive a message telling you what type of house it is.","Alarm system level 2 if your house is broken into you will receive a message telling you what type of house it is.","Alarmanlage Stufe 2 wenn dein Haus aufgebrochen wird bekommst du eine Nachricht, die dir sagt, um was für ein Haus es sich handelt.","警报系统级别2：如果您的房屋被闯入，您将收到一条消息，告诉您这是什么类型的房屋。","警報系統級別2：如果您的房屋被闖入，您將收到一條消息，告訴您這是什麼類型的房屋。","Сигнализация уровня 2 если ваш дом взломан, вы получите сообщение, которое скажет вам, что это за дом.","Poplašný systém úrovně 2 pokud je váš dům rozbitý, obdržíte zprávu, která vám řekne, o jaký dům se jedná.","System alarmowy poziomu 2 jeśli włamie się do Twojego domu, otrzymasz wiadomość, która powie Ci, o jaki dom chodzi.","A riasztórendszer 2 ha betörik a házába, üzenetet kap arról, hogy milyen típusú házról van szó.","Sistema di allarme di livello 2 se la tua casa è scassinata riceverai un messaggio che ti dirà di che tipo di casa si tratta.","Nivel 2 del sistema de alarma si su casa es forzada recibirá un mensaje que le dirá de qué tipo de casa se trata.","Système d'alarme niveau 2 si votre maison est cambriolée, vous recevrez un message vous indiquant le type de maison.","Sistema de alarme nível 2 se a sua casa for arrombada você receberá uma mensagem dizendo de que tipo de casa se trata.","警報システムレベル2、あなたの家が侵入されると、どのタイプの家かを知らせるメッセージが届きます。"
"Alarm_system_desc_3","Alarm system level 3 when your house is broken into you get a message about which house it is and the name of the burglar.","Alarm system level 3 when your house is broken into you get a message about which house it is and the name of the burglar.","Alarmanlage Stufe 3 wenn dein Haus aufgebrochen wird bekommst du eine Nachricht, um welches Haus es sich handelt und den Namen des Einbrechers.","警报系统级别3：当您的房屋被闯入时，您会收到一条消息，告诉您是哪个房屋以及窃贼的名字。","警報系統級別3：當您的房屋被闖入時，您將收到一條消息，告訴您是哪個房屋以及窃贼的名字。","Сигнализация уровня 3 когда ваш дом взломан, вы получите сообщение о том, какой это дом и имя взломщика.","Poplašný systém úrovně 3 když je váš dům vloupán, obdržíte zprávu o tom, o jaký dům jde a jméno zloděje.","System alarmowy poziomu 3 gdy włamie się do Twojego domu, otrzymasz wiadomość o tym, o jaki dom chodzi i imię włamywacza.","A riasztórendszer 3 ha betörik a házába, üzenetet kap arról, hogy melyik házról van szó, és a betörő nevéről.","Sistema di allarme di livello 3 quando la tua casa è scassinata ricevi un messaggio su quale casa è e il nome del ladro.","Nivel 3 del sistema de alarma cuando su casa es forzada, recibe un mensaje sobre qué casa es y el nombre del ladrón.","Système d'alarme niveau 3 lorsque votre maison est cambriolée, vous recevez un message sur la maison et le nom du cambrioleur.","Sistema de alarme nível 3 quando sua casa é arrombada, você recebe uma mensagem sobre qual casa é e o nome do ladrão.","警報システムレベル3、あなたの家が侵入されると、どの家かと泥棒の名前に関するメッセージが届きます。"
"Alarm_system_desc_4","Alarm system level 3 but message will also send to a custom Discord Webhook and you can customise the message.","Alarm system level 3 but message will also send to a custom Discord Webhook and you can customise the message.","Alarmanlage Stufe 3 aber die Nachricht wird auch an einen benutzerdefinierten Discord-Webhook gesendet und Sie können die Nachricht anpassen.","警报系统级别3：但消息也将发送到自定义的Discord Webhook，您可以自定义消息。","警報系統級別3：但消息也將發送到自定義的Discord Webhook，您可以自定義消息。","Сигнализация уровня 3 но сообщение также будет отправлено на настраиваемый Discord Webhook, и вы сможете настроить сообщение.","Poplašný systém úrovně 3 ale zpráva bude také odeslána na vlastní Discord Webhook a můžete zprávu upravit.","System alarmowy poziomu 3 ale wiadomość zostanie również wysłana na niestandardowy Discord Webhook i możesz dostosować wiadomość.","A riasztórendszer 3 de az üzenetet egyéni Discord Webhookra is elküldi, és testreszabhatja az üzenetet.","Sistema di allarme di livello 3 ma il messaggio verrà inviato anche a un Webhook Discord personalizzato e puoi personalizzare il messaggio.","Nivel 3 del sistema de alarma pero el mensaje también se enviará a un Webhook de Discord personalizado y puedes personalizar el mensaje.","Système d'alarme niveau 3 mais le message sera également envoyé à un Webhook Discord personnalisé et vous pourrez personnaliser le message.","Sistema de alarme nível 3 mas a mensagem também será enviada para um Webhook Discord personalizado e você poderá personalizar a mensagem.","警報システムレベル3、ただし、メッセージはカスタムDiscord Webhookにも送信され、メッセージをカスタマイズできます。"
"dzp_save","save","save","speichern","保存","救","Сохранить","Uložit","zapisać","mentés","Salva","Guardar","sauvegarder","Salve ","セーブ"
"dzp_House_Storage","Storage","Storage","Lager","存储","存儲","Хранилище","Skladování","Magazyn","Tárolás","Archiviazione","Almacenamiento","Stockage","Armazenamento","ストック"
"dzp_Player_Inventory","Player Inventory","Player Inventory","Spielerinventar","玩家库存","玩家庫存","Инвентарь игрока","Inventář hráče","Inwentarz gracza","Játékos raktár","Inventario del giocatore","Inventario del jugador","Inventaire du joueur","Inventário do jogador","プレイヤーのインベントリ"
"dzp_desc_house_inventory","Add an extendable inventory to your house","Add an extendable inventory to your house","Fügt ein erweiterbares Inventar zu deinem Haus hinzu.","向您的房屋添加可扩展的库存","向您的房屋添加可擴展的庫存","Добавьте расширяемый инвентарь в свой дом","Přidejte do svého domu rozšiřitelný inventář","Dodaj rozszerzalny ekwipunek do swojego domu","Adjon hozzá bővíthető készletet a házához","Aggiungi un inventario estendibile a casa tua","Agrega un inventario extensible a tu casa","Ajoutez un inventaire extensible à votre maison","Adicione um inventário extensível à sua casa","あなたの家に拡張可能な在庫を追加します"
"dzp_max_Storage_Slots","Max. Storage Slots","Max. Storage Slots","Max. Lagerplätze","最大存储槽","最大存儲槽","Макс. Слоты хранения","Max. úložné sloty","Maks. Sloty magazynowe","Max. Tárolóhelyek","Slot di archiviazione massimo","Max. Ranuras de almacenamiento","Max. Emplacements de stockage","Max. Slots de armazenamento","最大ストレージスロット"
"dzp_Storage_lvl","Storage lvl","Storage lvl","Lager lvl","储物柜","儲物櫃","Уровень хранения","Skladování lvl","Magazyn lvl","Tárolás lvl","Archiviazione lvl","Nivel de almacenamiento","Niveau de stockage","Nível de armazenamento","ストレージレベル"
"dzp_successfully_extend_storage","Successful extend storage","Successful extend storage","Lager erfolgreich hinzugefügt","成功扩展存储","成功擴展存儲","Успешное расширение хранилища","Úspěšné rozšíření úložiště","Pomyślne rozszerzenie pamięci","Sikeres kiterjesztésű tárhely","Archiviazione estesa con successo","Almacenamiento extendido exitoso","Extension de stockage réussie","Extensão de armazenamento bem-sucedida","ストレージの拡張に成功"
"dzp_rename_successful","Rename Successful","Rename Successful","Name geändert","重命名成功","重命名成功","Переименовать успешно","Přejmenování úspěšné","Pomyślnie zmieniono nazwę","Sikeresen átnevezett","Rinomina riuscita","Renombrar exitoso","Renommer réussi","Renomeação bem-sucedida","名前の変更に成功"
"dzp_you_are_not_allowed","You are not allowed","You are not allowed","Du bist nicht berechtigt","你不被允许","你不被允许","Вам не разрешено","Není vám povoleno","Nie masz uprawnień","Nincs engedélyed","Non sei autorizzato","No se te permite","Vous n'êtes pas autorisé","Você não tem permissão","許可されていません"
"dzp_error_you_have_reached_max_houses","Error you have reached max houses","Error you have reached max houses","Fehler Du hast die maximale Anzahl an Häusern erreicht","错误：您已达到最大房屋数","错误：您已达到最大房屋数","Ошибка вы достигли максимального количества домов","Chyba dosáhli jste maximálního počtu domů","Błąd osiągnąłeś maksymalną liczbę domów","Hiba elérted a maximális házak számát","Errore hai raggiunto il numero massimo di case","Error has alcanzado el máximo de casas","Erreur  vous avez atteint le nombre maximum de maisons","Erro você atingiu o máximo de casas","エラー：最大の家に達しました"
"dzp_Respawn_Point","Respawn Point","Respawn Point","Respawn Punkt","重生点","重生點","Точка возрождения","Respawn bod","Respawn Point","Respawn Point","Punto di Respawn","Punto de reaparición","Point de réapparition","Ponto de reaparecimento","リスポーンポイント"
"dzp_Respawn_Point_desc","This extension enables you to respawn at your house","This extension enables you to respawn at your house","Diese Erweiterung ermöglicht es dir an deinem Haus wiederzubeleben","此扩展使您可以在您的房子重生","此擴展使您可以在您的房子重生","Это расширение позволяет вам возрождаться у себя дома","Tato rozšíření vám umožní respawnovat ve vašem domě","To rozszerzenie pozwala ci respawnować w twoim domu","Ez a kiterjesztés lehetővé teszi, hogy a házadban újraéledj","Questa estensione ti consente di rispawna a casa tua","Esta extensión te permite reaparecer en tu casa","Cette extension vous permet de réapparaître chez vous","Esta extensão permite que você reapareça em sua casa","この拡張機能を使用すると、自宅でリスポーンできます"
"dzp_successfully_buy_spawn_extension","You have successfully bought the spawn extension","You have successfully bought the spawn extension","Du hast die Respawn Erweiterung erfolgreich gekauft","你已经成功购买了重生扩展","你已經成功購買了重生擴展","Вы успешно купили расширение возрождения","Úspěšně jste koupili rozšíření spawn","Pomyślnie kupiłeś rozszerzenie spawn","Sikeresen megvásárolta a spawn kiterjesztést","Hai acquistato con successo l'estensione di spawn","Has comprado con éxito la extensión de spawn","Vous avez acheté avec succès l'extension de spawn","Você comprou com sucesso a extensão de spawn","重生拡張機能を正常に購入しました"
"dzp_respawn_state_has_updated","Respawn state has updated","Respawn state has updated","Respawn Status wurde aktualisiert","重生状态已更新","重生狀態已更新","Состояние возрождения обновлено","Stav respawn byl aktualizován","Stan respawn został zaktualizowany","A respawn állapota frissült","Lo stato di respawn è stato aggiornato","El estado de respawn se ha actualizado","L'état de respawn a été mis à jour","O estado de respawn foi atualizado","リスポーン状態が更新されました"
"dzp_webhook_url_has_updated","Webhook URL and Message was updated.","Webhook URL and Message was updated.","Webhook URL und Nachricht wurde aktualisiert.","Webhook URL和消息已更新","Webhook URL和消息已更新","URL веб-крючка и сообщение были обновлены.","URL webhooku a zpráva byly aktualizovány.","URL webhooku i wiadomość zostały zaktualizowane.","Webhook URL és üzenet frissült.","URL webhook e messaggio è stato aggiornato.","URL y mensaje de webhook se ha actualizado.","L'URL du webhook et le message ont été mis à jour.","O URL do webhook e a mensagem foram atualizados.","Webhook URLとメッセージが更新されました"
"dzp_no_webhook_url_was_not_set","No webhook URL was not set","No webhook URL was not set","Keine Webhook-URL wurde nicht festgelegt","没有设置Webhook URL","沒有設置Webhook URL","Нет URL веб-крючка не был установлен","Nebyla nastavena žádná URL webhooku","Nie ustawiono żadnego adresu URL webhooku","Nem volt beállítva webhook URL","Nessun URL del webhook non è stato impostato","No se estableció ninguna URL de webhook","Aucune URL de webhook n'a été définie","Nenhum URL de webhook não foi definido","Webhook URLが設定されていません"
"dzp_webhook_message_was_send_to","Webhook message was send to","Webhook message was send to","Webhook Nachricht wurde gesendet an","Webhook消息已发送到","Webhook消息已發送到","Сообщение веб-крючка было отправлено","Zpráva webhook byla odeslána na","Wiadomość webhook została wysłana do","Webhook üzenetet küldtek","Il messaggio del webhook è stato inviato a","El mensaje del webhook se envió a","Le message du webhook a été envoyé à","A mensagem do webhook foi enviada para","Webhookメッセージが送信されました"
"dzp_enter_your_custom_message","Enter your custom message","Enter your custom message","Gib deine eigene Nachricht ein","输入您的自定义消息","輸入您的自定義消息","Введите свое пользовательское сообщение","Zadejte vlastní zprávu","Wprowadź własną wiadomość","Adja meg a testreszabott üzenetét","Inserisci il tuo messaggio personalizzato","Ingrese su mensaje personalizado","Entrez votre message personnalisé","Digite sua mensagem personalizada","カスタムメッセージを入力してください"
"dzp_enter_your_discord_webhook","Enter your discord webhook","Enter your discord webhook","Gib deine Discord Webhook ein","输入您的Discord Webhook","輸入您的Discord Webhook","Введите свой веб-крючок Discord","Zadejte svůj webhook Discord","Wprowadź webhook Discord","Adja meg a Discord webhookját","Inserisci il tuo webhook discord","Ingrese su webhook de discord","Entrez votre webhook discord","Digite seu webhook discord","Discord Webhookを入力してください"
"dzp_Group_House","Is group house","Is group house","Ist Gruppenhaus","是小组房","是小組房","Это групповой дом","Je to skupinový dům","To dom grupowy","Ez egy csoport ház","E' una casa di gruppo","Es una casa de grupo","C'est une maison de groupe","É uma casa de grupo","グループハウスです"
"dzp_group_state_has_updated","Group state has updated","Group state has updated","Gruppenstatus wurde aktualisiert","组状态已更新","組狀態已更新","Состояние группы обновлено","Stav skupiny byl aktualizován","Stan grupy został zaktualizowany","A csoport állapota frissült","Lo stato del gruppo è stato aggiornato","El estado del grupo se ha actualizado","L'état du groupe a été mis à jour","O estado do grupo foi atualizado","グループ状態が更新されました"
"dzp_LockSystem","Lock System","Lock System","Schloss System","锁定系统","鎖定系統","Система блокировки","Systém zámku","System blokowania","Zárolórendszer","Sistema di blocco","Sistema de bloqueo","Système de verrouillage","Sistema de bloqueio","ロックシステム"
"dzp_LockSystemDescription","Unkocks and locks all your doors.","Unkocks and locks all your doors.","Entsperrt und verriegelt alle Türen.","解锁并锁定所有门。","解鎖並鎖定所有門。","Разблокирует и блокирует все ваши двери.","Odemkne a zamyká všechny vaše dveře.","Odblokowuje i blokuje wszystkie twoje drzwi.","Kinyitja és bezárja az összes ajtót.","Sblocca e blocca tutte le tue porte.","Desbloquea y bloquea todas tus puertas.","Déverrouille et verrouille toutes vos portes.","Destrava e trava todas as suas portas.","すべてのドアを解除してロックします。"
"dzp_successfully_buy_lock_system_extension","You have successfully buy the lock system extension","You have successfully buy the lock system extension","Sie haben die Verriegelungssystemerweiterung erfolgreich gekauft","您已成功购买锁定系统扩展","您已成功購買鎖定系統擴展","Вы успешно купили расширение системы блокировки","Úspěšně jste koupili rozšíření zámku systému","Pomyślnie kupiłeś rozszerzenie systemu blokady","Sikeresen megvásárolta a zárolási rendszer kiterjesztését","Hai acquistato con successo l'estensione del sistema di blocco","Ha comprado con éxito la extensión del sistema de bloqueo","Vous avez acheté avec succès l'extension du système de verrouillage","Você comprou com sucesso a extensão do sistema de bloqueio","ロックシステムの拡張を購入しました"
"dzp_Storage_Options","Max Inventory Slots","Max Inventory Slots","Maximale Inventarplätze","最大库存槽","最大庫存槽","Максимальные слоты инвентаря","Maximální sloty inventáře","Maksymalne sloty inwentarza","Maximális raktárhelyek","Slot inventario massimo","Ranuras de inventario máximo","Emplacements d'inventaire max","Slots de inventário máximo","最大インベントリスロット"
"dzp_Key_Respawn_Point","Key Respawn Point","Key Respawn Point","Schlüssel Respawn Punkt","关键重生点","關鍵重生點","Точка возрождения ключа","Klíčový bod respawnu","Kluczowy punkt respawnu","Kulcs respawn pont","Punto di respawn chiave","Punto de reaparición clave","Point de réapparition clé","Ponto de reaparecimento chave","キーリスポーンポイント"
"dzp_Key_Respawn_Point_desc","Players with key to your house can use the respawn points","Players with key to your house can use the respawn points","Spieler mit Schlüssel zu Ihrem Haus können die Respawn-Punkte verwenden","拥有您房子钥匙的玩家可以使用重生点","擁有您房子鑰匙的玩家可以使用重生點","Игроки с ключом к вашему дому могут использовать точки возрождения","Hráči s klíčem k vašemu domu mohou používat body respawnu","Gracze z kluczem do twojego domu mogą korzystać z punktów respawnu","A házad kulcsával rendelkező játékosok használhatják a respawn pontokat","I giocatori con la chiave di casa possono usare i punti di respawn","Los jugadores con la llave de su casa pueden usar los puntos de reaparición","Les joueurs avec la clé de votre maison peuvent utiliser les points de réapparition","Jogadores com chave para sua casa podem usar os pontos de reaparecimento","あなたの家の鍵を持つプレイヤーはリスポーンポイントを使用できます"
"dzp_successfully_buy_key_spawn_extension","You have successfully buy the key respawn point extension","You have successfully buy the key respawn point extension","Sie haben die Schlüssel-Respawn-Punkterweiterung erfolgreich gekauft","您已成功购买关键重生点扩展","您已成功購買關鍵重生點擴展","Вы успешно купили расширение точки возрождения ключа","Úspěšně jste koupili rozšíření bodu respawnu klíče","Pomyślnie kupiłeś rozszerzenie punktu respawnu klucza","Sikeresen megvásárolta a kulcs respawn pont kiterjesztését","Hai acquistato con successo l'estensione del punto di respawn chiave","Ha comprado con éxito la extensión del punto de reaparición clave","Vous avez acheté avec succès l'extension du point de réapparition clé","Você comprou com sucesso a extensão do ponto de reaparecimento da chave","キーリスポーンポイントの拡張を購入しました"
"dzp_error_you_need_before_the_spawn_extension","You need to buy the spawn extension before the key respawn point extension","You need to buy the spawn extension before the key respawn point extension","Sie müssen die Spawn-Erweiterung vor der Schlüssel-Respawn-Punkterweiterung kaufen","您需要在关键重生点扩展之前购买重生扩展","您需要在關鍵重生點擴展之前購買重生擴展","Вам нужно купить расширение спавна перед расширением точки возрождения ключа","Před rozšířením bodu respawnu klíče musíte koupit rozšíření spawnu","Musisz kupić rozszerzenie spawnu przed rozszerzeniem punktu respawnu klucza","Meg kell vásárolnia a respawn kiterjesztését a kulcs respawn pont kiterjesztése előtt","È necessario acquistare l'estensione di spawn prima dell'estensione del punto di respawn chiave","Debe comprar la extensión de reaparición antes de la extensión del punto de reaparición clave","Vous devez acheter l'extension de spawn avant l'extension du point de réapparition clé","Você precisa comprar a extensão de spawn antes da extensão do ponto de reaparecimento da chave","キーリスポーンポイントの拡張の前にスポーン拡張を購入する必要があります"
"dzp_max_key_reached","You have reached the max. Housekeys you can give. Keys were not assigned.","You have reached the max. Housekeys you can give. Keys were not assigned.","Sie haben die maximale Anzahl an Hauschlüsseln erreicht, die Sie vergeben können. Schlüssel wurden nicht zugewiesen.","您已达到您可以提供的最大房屋钥匙。未分配钥匙。","您已達到您可以提供的最大房屋鑰匙。未分配鑰匙。","Вы достигли максимального количества ключей дома, которые вы можете дать. Ключи не были назначены.","Dosáhli jste maximálního počtu domovních klíčů, které můžete dát. Klíče nebyly přiděleny.","Osiągnąłeś maksymalną liczbę kluczy do domu, które możesz dać. Klucze nie zostały przypisane.","Elérted a maximális házak számát, amelyeket adhatsz. A kulcsok nem lettek hozzárendelve.","Hai raggiunto il numero massimo di chiavi di casa che puoi dare. Le chiavi non sono state assegnate.","Has alcanzado el máximo de llaves de casa que puedes dar. Las llaves no se asignaron.","Vous avez atteint le nombre maximal de clés de maison que vous pouvez donner. Les clés n'ont pas été attribuées.","Você atingiu o máximo de chaves de casa que pode dar. As chaves não foram atribuídas.","最大の家の鍵数に達しました。キーは割り当てられませんでした。"
"dzp_maxKeys","Max. Keys","Max. Keys","Max. Schlüssel","最大钥匙","最大鑰匙","Макс. Ключи","Max. klíče","Max. klucze","Max. kulcsok","Max. Chiavi","Max. Llaves","Max. Clés","Max. Chaves","最大のキー"
"dzp_infinite","Infinite","Infinite","Unendlich","无限","無限","Бесконечный","Nekonečno","Nieskończony","Végtelen","Infinito","Infinito","Infini","Infinito","無限"
"dzp_Delete_Owner","Delete Owner","Delete Owner","Besitzer löschen","删除所有者","刪除所有者","Удалить владельца","Odstranit majitele","Usuń właściciela","Tulajdonos törlése","Elimina proprietario","Eliminar propietario","Supprimer le propriétaire","Excluir proprietário","所有者を削除"
"dzp_Owner_was_deleted","Owner was deleted","Owner was deleted","Besitzer wurde gelöscht","所有者已删除","所有者已刪除","Владелец был удален","Vlastník byl smazán","Właściciel został usunięty","A tulajdonos törölve lett","Il proprietario è stato eliminato","El propietario fue eliminado","Le propriétaire a été supprimé","O proprietário foi excluído","所有者が削除されました"
"dzp_Despawn_Prevent","Stops disappearing","Stops disappearing","Verhindert verschwinden","防止消失","防止消失","Предотвращает исчезновение","Zabraňuje zmizení","Zapobiega znikaniu","Megakadályozza az eltűnést","Impedisce la scomparsa","Evita la desaparición","Empêche la disparition","Impede o desaparecimento","消えるのを防ぐ"
"dzp_Despawn_Prevent_desc","Stops objects from disappearing within a radius of 20 m.","Stops objects from disappearing within a radius of 20 m.","Verhindert, dass Objekte innerhalb eines Radius von 20 m verschwinden.","在20米半径内阻止物体消失。","在20米半徑內阻止物體消失。","Предотвращает исчезновение объектов в радиусе 20 м.","Zastaví objekty od zmizení v poloměru 20 m.","Zatrzymuje obiekty przed zniknięciem w promieniu 20 m.","Megakadályozza az objektumok eltűnését 20 m-es körzetben.","Impedisce agli oggetti di scomparire entro un raggio di 20 m.","Detiene los objetos de desaparecer dentro de un radio de 20 m.","Empêche les objets de disparaître dans un rayon de 20 m.","Impede que os objetos desapareçam num raio de 20 m.","20m半径内のオブジェクトが消えないようにします。"
"dzp_successfully_buy_disappearing_extension","You have successfully buy the stop objects disappearing extension","You have successfully buy the stop objects disappearing extension","Sie haben die Erweiterung zum Stoppen des Verschwindens von Objekten erfolgreich gekauft","您已成功购买停止物体消失的扩展","您已成功購買停止物體消失的擴展","Вы успешно купили расширение для остановки исчезновения объектов","Úspěšně jste koupili rozšíření zastavení objektů mizících","Pomyślnie kupiłeś rozszerzenie zatrzymujące znikanie obiektów","Sikeresen megvásárolta az eltűnő objektumok megállításának kiterjesztését","Hai acquistato con successo l'estensione per fermare gli oggetti che scompaiono","Ha comprado con éxito la extensión para detener la desaparición de objetos","Vous avez acheté avec succès l'extension pour arrêter la disparition des objets","Você comprou com sucesso a extensão para impedir que os objetos desapareçam","オブジェクトが消えないようにする拡張を正常に購入しました"
"dzp_tb_unlock_door","Unlock Door","Unlock Door","Tür entsperren","解锁门","解鎖門","Разблокировать дверь","Odemknout dveře","Odblokuj drzwi","Kapu kinyitása","Sblocca la porta","Desbloquear puerta","Déverrouiller la porte","Destrancar porta","ドアを開ける"
"dzp_tb_unlock_all_doors","Unlock All Doors","Unlock All Doors","Alle Türen entsperren","解锁所有门","解鎖所有門","Разблокировать все двери","Odemknout všechny dveře","Odblokuj wszystkie drzwi","Minden ajtó kinyitása","Sblocca tutte le porte","Desbloquear todas las puertas","Déverrouiller toutes les portes","Destrancar todas as portas","すべてのドアを開ける"
"dzp_tb_break_door","Break Door","Break Door","Tür aufbrechen","打破门","打破門","Взломать дверь","Proražení dveří","Przełam drzwi","Ajtó feltörése","Forza la porta","Romper la puerta","Casser la porte","Quebrar porta","ドアを壊す"
"dzp_tb_lock_door","Lock Door","Lock Door","Tür verriegeln","锁门","鎖門","Запереть дверь","Zamknout dveře","Zablokuj drzwi","Zárja be az ajtót","Blocca la porta","Bloquear puerta","Verrouiller la porte","Trancar porta","ドアをロックする"
"dzp_tb_lock_all_doors","Lock All Doors","Lock All Doors","Alle Türen verriegeln","锁定所有门","鎖定所有門","Запереть все двери","Zamknout všechny dveře","Zablokuj wszystkie drzwi","Minden ajtó zárása","Blocca tutte le porte","Bloquear todas las puertas","Verrouiller toutes les portes","Trancar todas as portas","すべてのドアをロックする"
"dzp_bought","bought","bought","gekauft","买","買","купленный","koupil","kupił","vásárolt","acquistato","comprado","acheté","comprado","買った"
"dzp_player_with_access","Player with access","Player with access","Spieler mit Zugang","玩家有权访问","玩家有權訪問","Игрок с доступом","Hráč s přístupem","Gracz z dostępem","Játékos hozzáféréssel","Giocatore con accesso","Jugador con acceso","Joueur avec accès","Jogador com acesso","アクセス権を持つプレイヤー"
"dzp_makeToOwner","Make to Owner","Make to Owner","Zum Besitzer machen","使其成为所有者","使其成為所有者","Сделать владельцем","Udělat vlastníkem","Zrób do właściciela","Tulajdonossá teszi","Rendi proprietario","Hacer a propietario","Faire au propriétaire","Tornar-se proprietário","所有者にする"
"dzp_error_building_not_for_sale","This building is not for sale","This building is not for sale","Dieses Gebäude steht nicht zum Verkauf","此建筑物不出售","此建築物不出售","Это здание не продается","Tato budova není na prodej","Ten budynek nie jest na sprzedaż","Ez az épület nem eladó","Questo edificio non è in vendita","Este edificio no está a la venta","Cet immeuble n'est pas à vendre","Este edifício não está à venda","この建物は販売されていません"
"dzp_building_already_owned","This building is already owned","This building is already owned","Dieses Gebäude ist bereits im Besitz","此建筑物已经拥有","此建築物已經擁有","Это здание уже принадлежит","Tato budova je již v majetku","Ten budynek jest już w posiadaniu","Ez az épület már tulajdonában van","Questo edificio è già di proprietà","Este edificio ya es propiedad","Cet immeuble est déjà possédé","Este edifício já é de propriedade","この建物はすでに所有されています"
"dzp_you_are_not_the_owner","You are not the owner","You are not the owner","Du bist nicht der Besitzer","你不是所有者","你不是所有者","Вы не владелец","Nejste majitel","Nie jesteś właścicielem","Nem vagy a tulajdonos","Non sei il proprietario","No eres el dueño","Vous n'êtes pas le propriétaire","Você não é o proprietário","あなたは所有者ではありません"
"dzp_You_are_to_fast","You are to fast","You are to fast","Du bist zu schnell","你太快了","你太快了","Вы слишком быстро","Jste příliš rychlý","Jesteś za szybki","Túl gyors vagy","Sei troppo veloce","Eres demasiado rápido","Vous êtes trop rapide","Você é rápido demais","あなたは速すぎます"
"dzp_not_enough_space","Not enough space","Not enough space","Nicht genügend Platz","空间不足","空間不足","Недостаточно места","Nedostatek místa","Za mało miejsca","Nincs elég hely","Spazio insufficiente","Espacio insuficiente","Pas assez d'espace","Espaço insuficiente","スペースが足りません"
"dzp_slots_per_storage_level","Slots per storage level","Slots per storage level","Slots pro Lagerstufe","每个存储级别的插槽","每個存儲級別的插槽","Слоты на уровень хранения","Sloty na úrovni úložiště","Sloty na poziomie magazynowania","Slotok tárolási szintenként","Slot per livello di archiviazione","Ranuras por nivel de almacenamiento","Emplacements par niveau de stockage","Slots por nível de armazenamento","ストレージレベルごとのスロット"
"dzp_size","Size","Size","Größe","尺寸","尺寸","Размер","Velikost","Rozmiar","Méret","Dimensione","Tamaño","Taille","Tamanho","サイズ"
"dzp_Reload_All_Config_And_Data","Reload All Config And Data","Reload All Config And Data","Alle Konfigurationen und Daten neu laden","重新加载所有配置和数据","重新加載所有配置和數據","Перезагрузить все конфигурации и данные","Znovu načíst všechny konfigurace a data","Przeładuj wszystkie konfiguracje i dane","Az összes konfiguráció és adat újratöltése","Ricarica tutte le configurazioni e i dati","Volver a cargar todas las configuraciones y datos","Recharger toutes les configurations et données","Recarregar todas as configurações e dados","すべての構成とデータを再読み込み"
"dzp_Config_and_data_was_reloaded","Config and data was reloaded","Config and data was reloaded","Konfiguration und Daten wurden neu geladen","配置和数据已重新加载","配置和數據已重新加載","Конфигурация и данные были перезагружены","Konfigurace a data byly znovu načteny","Konfiguracja i dane zostały ponownie załadowane","A konfiguráció és az adatok újratöltődtek","La configurazione e i dati sono stati ricaricati","La configuración y los datos se volvieron a cargar","La configuration et les données ont été rechargées","Configuração e dados foram recarregados","構成とデータが再読み込みされました"
"dzp_admin_open_door","[ADMIN] Open Door","[ADMIN] Open Door","[ADMIN] Tür öffnen","[ADMIN] 打开门","[ADMIN] 打開門","[ADMIN] Открыть дверь","[ADMIN] Otevřít dveře","[ADMIN] Otwórz drzwi","[ADMIN] Ajtó nyitása","[ADMIN] Apri la porta","[ADMIN] Abrir puerta","[ADMIN] Ouvrir la porte","[ADMIN] Abrir porta","[ADMIN] ドアを開く"
"dzp_admin_lock_all_doors","[ADMIN] Lock All Doors","[ADMIN] Lock All Doors","[ADMIN] Alle Türen verriegeln","[ADMIN] 锁定所有门","[ADMIN] 鎖定所有門","[ADMIN] Запереть все двери","[ADMIN] Zamknout všechny dveře","[ADMIN] Zablokuj wszystkie drzwi","[ADMIN] Minden ajtó zárása","[ADMIN] Blocca tutte le porte","[ADMIN] Bloquear todas las puertas","[ADMIN] Verrouiller toutes les portes","[ADMIN] Trancar todas as portas","[ADMIN] すべてのドアをロックする"
"dzp_Item_is_not_empty","Item is not empty","Item is not empty","Gegenstand ist nicht leer","物品不为空","物品不為空","Предмет не пуст","Položka není prázdná","Przedmiot nie jest pusty","Az elem nem üres","L'oggetto non è vuoto","El artículo no está vacío","L'objet n'est pas vide","O item não está vazio","アイテムは空ではありません"
"dzp_WARNING_THIS_ACTION_APPLIES_TO_ALL_HOUSES","!!! WARNING THIS ACTION APPLIES TO ALL HOUSES !!!","!!! WARNING THIS ACTION APPLIES TO ALL HOUSES !!!","!!! WARNUNG DIESE AKTION GILT FÜR ALLE HÄUSER !!!","!!! 警告此操作适用于所有房屋 !!!","!!! 警告此操作適用於所有房屋 !!!","!!! ПРЕДУПРЕЖДЕНИЕ ЭТО ДЕЙСТВИЕ ПРИМЕНЯЕТСЯ КО ВСЕМ ДОМАМ !!!","!!! VAROVÁNÍ TATO AKCE SE VZTAHUJE NA VŠECHNY DOMY !!!","!!! UWAGA TA AKCJA DOTYCZY WSZYSTKICH DOMÓW !!!","!!! FIGYELEM EZ A MŰVELET MINDEN HÁZRA VONATKOZIK !!!","!!! ATTENZIONE QUESTA AZIONE SI APPLICA A TUTTE LE CASE !!!","!!! ADVERTENCIA ESTA ACCIÓN SE APLICA A TODAS LAS CASAS !!!","!!! ATTENTION CETTE ACTION S'APPLIQUE À TOUTES LES MAISONS !!!","!!! AVISO ESTA AÇÃO SE APLICA A TODAS AS CASAS !!!","!!! 警告このアクションはすべての家に適用されます !!!"
"dzp_all_items","All Items","All Items","Alle Gegenstände","所有物品","所有物品","Все предметы","Všechny položky","Wszystkie przedmioty","Minden elem","Tutti gli elementi","Todos los elementos","Tous les éléments","Todos os itens","すべてのアイテム"
"dzp_weapons","Weapons","Weapons","Waffen","武器","武器","Оружие","Zbraně","Broń","Fegyverek","Armi","Armas","Armes","Armas","武器"
"dzp_Delete","Delete","Delete","Löschen","删除","刪除","Удалить","Smazat","Usuń","Törlés","Elimina","Eliminar","Supprimer","Excluir","削除"
"dzp_Storage_was_cleared","Storage was cleared","Storage was cleared","Speicher wurde gelöscht","存储已清除","存儲已清除","Хранилище было очищено","Úložiště bylo vyčištěno","Magazyn został wyczyszczony","A tároló törölve lett","Lo spazio è stato cancellato","El almacenamiento fue borrado","Le stockage a été effacé","O armazenamento foi limpo","ストレージがクリアされました"
"dzp_tb_admin_un_lock_all_doors","[ADMIN] UnLock All Doors","[ADMIN] UnLock All Doors","[ADMIN] Alle Türen entsperren","[ADMIN] 解锁所有门","[ADMIN] 解鎖所有門","[ADMIN] Разблокировать все двери","[ADMIN] Odemknout všechny dveře","[ADMIN] Odblokuj wszystkie drzwi","[ADMIN] Minden ajtó kinyitása","[ADMIN] Sblocca tutte le porte","[ADMIN] Desbloquear todas las puertas","[ADMIN] Déverrouiller toutes les portes","[ADMIN] Destrancar todas as portas","[ADMIN] すべてのドアを開ける"
"dzp_tb_admin_lock_all_doors","[ADMIN] Lock All Doors","[ADMIN] Lock All Doors","[ADMIN] Alle Türen verriegeln","[ADMIN] 锁定所有门","[ADMIN] 鎖定所有門","[ADMIN] Запереть все двери","[ADMIN] Zamknout všechny dveře","[ADMIN] Zablokuj wszystkie drzwi","[ADMIN] Minden ajtó zárása","[ADMIN] Blocca tutte le porte","[ADMIN] Bloquear todas las puertas","[ADMIN] Verrouiller toutes les portes","[ADMIN] Trancar todas as portas","[ADMIN] すべてのドアをロックする"
"dzp_BuildingCanNotBeRaidedOwnerNotOnline","Building can not be raided, owner is not online","Building can not be raided, owner is not online","Gebäude kann nicht überfallen werden, Besitzer ist nicht online","建筑物无法被抢劫，所有者不在线","建築物無法被搶劫，所有者不在線","Здание не может быть ограблено, владелец не в сети","Budova nemůže být vykradena, majitel není online","Budynek nie może być obrabowany, właściciel nie jest online","Az épület nem rabolható ki, a tulajdonos nincs online","L'edificio non può essere saccheggiato, il proprietario non è online","El edificio no puede ser saqueado, el propietario no está en línea","Le bâtiment ne peut pas être attaqué, le propriétaire n'est pas en ligne","O edifício não pode ser saqueado, o proprietário não está online","建物は所有者がオフラインのため襲撃できません"
"dzp_Position","Position","Position","Position","位置","位置","Позиция","Pozice","Pozycja","Pozíció","Posizione","Posición","Position","Posição","位置"
"dzp_Owner","Owner","Owner","Besitzer","所有者","所有者","Владелец","Vlastník","Właściciel","Tulajdonos","Proprietario","Dueño","Propriétaire","Proprietário","所有者"
"dzp_showOnMap","Show on map","Show on map","Auf Karte anzeigen","显示在地图上","显示在地图上","Показать на карте","Zobrazit na mapě","Pokaż na mapie","Megjelenítés a térképen","Mostra sulla mappa","Mostrar en el mapa","Afficher sur la carte","Mostrar no mapa","地図上に表示"
"dzp_teleportToHouse","Teleport to house","Teleport to house","Zum Haus teleportieren","传送到房子","傳送到房子","Телепортироваться в дом","Teleportovat do domu","Teleportuj do domu","Teleportálás a házhoz","Teletrasporto a casa","Teletransportarse a casa","Téléporter à la maison","Teleportar para casa","家にテレポート"
"dzp_Take_Ownership","Take Ownership","Take Ownership","Besitz übernehmen","拥有所有权","擁有所有權","Взять на себя ответственность","Vzít vlastnictví","Przejmij własność","Vedd át a tulajdonjogot","Prendi possesso","Tomar posesión","Prendre possession","Assumir a propriedade","所有権を取得"
"dzp_BuildingCanNotBeRaidedAtThisTime","Building can not be raided at this time","Building can not be raided at this time","Gebäude kann zur Zeit nicht überfallen werden","建筑物此时无法被抢劫","建築物此時無法被搶劫","Здание в настоящее время не может быть ограблено","Budova nemůže být v tuto chvíli vykradena","Budynek nie może być obrabowany w tej chwili","Az épület jelenleg nem rabolható ki","L'edificio non può essere saccheggiato in questo momento","El edificio no puede ser saqueado en este momento","Le bâtiment ne peut pas être attaqué pour le moment","O edifício não pode ser saqueado neste momento","建物は現在襲撃できません"
"dzp_auto_look_door_extension","Auto Look Door Extension","Auto Look Door Extension","Auto Look Tür Erweiterung","自动锁定门扩展","自動鎖定門擴展","Авто Look Door Extension","Automatické uzamčení dveří rozšíření","Rozszerzenie automatycznego zamykania drzwi","Automatikus zár kiterjesztés","Estensione Auto Look Door","Extensión de puerta de aspecto automático","Extension de porte automatique look","Extensão de porta automática look","自動ロックドア拡張"
"dzp_auto_look_door_extension_desc","This Extension close and looks your doors when configured time is up after last interaction with building","This Extension close and looks your doors when configured time is up after last interaction with building","Diese Erweiterung schließt und verriegelt Ihre Türen, wenn die konfigurierte Zeit nach der letzten Interaktion mit dem Gebäude abgelaufen ist","此扩展在与建筑物的最后交互后，在配置时间到期时关闭和锁定您的门","此擴展在與建築物的最後交互後，在配置時間到期時關閉和鎖定您的門","Это расширение закрывает и запирает ваши двери, когда истекает установленное время после последнего взаимодействия со зданием","Tato rozšíření zavře a uzamkne vaše dveře, když uplyne nastavený čas po poslední interakci se stavbou","To rozszerzenie zamyka i zamyka drzwi po skončení skonfigurowanego czasu po ostatniej interakcji z budynkiem","Ez a kiterjesztés bezárja és bezárja az ajtókat, amikor a konfigurált idő lejár az épülettel való utolsó interakció után","Questa estensione chiude e blocca le porte quando il tempo configurato scade dopo l'ultima interazione con l'edificio","Esta extensión cierra y bloquea sus puertas cuando se agota el tiempo configurado después de la última interacción con el edificio","Cette extension ferme et verrouille vos portes lorsque le temps configuré est écoulé après la dernière interaction avec le bâtiment","Esta extensão fecha e bloqueia suas portas quando o tempo configurado se esgota após a última interação com o edifício","この拡張機能は、建物との最後の対話後に設定された時間が経過すると、ドアを閉じてロックします"
"dzp_On_Off","On/Off","On/Off","Ein/Aus","开/关","開/關","Включить/Выключить","Zapnout/Vypnout","Włącz/Wyłącz","Be/Ki","Acceso/Disattivato","Encendido/Apagado","Marche/Arrêté","Ligado/Desligado","オン/オフ"
"dzp_successfully_buy_auto_lock_system_extension","You have successfully buy the auto lock system extension","You have successfully buy the auto lock system extension","Sie haben die Erweiterung des automatischen Schließsystems erfolgreich gekauft","您已成功购买自动锁定系统扩展","您已成功購買自動鎖定系統擴展","Вы успешно купили расширение автоматической блокировки системы","Úspěšně jste zakoupili rozšíření automatického zámkového systému","Pomyślnie kupiłeś rozszerzenie systemu automatyczného zámkování","Sikeresen megvásárolta az automatikus zár rendszer kiterjesztését","Hai acquistato con successo l'estensione del sistema di bloccaggio automatico","Ha comprado con éxito la extensión del sistema de bloqueo automático","Vous avez acheté avec succès l'extension du système de verrouillage automatique","Você comprou com sucesso a extensão do sistema de bloqueio automático","自動ロックシステム拡張を正常に購入しました"
"dzp_autolock","Auto Lock","Auto Lock","Auto Lock","自动锁定","自動鎖定","Авто замок","Automatické zamykání","Automatyczne blokowanie","Automatikus zár","Auto Lock","Bloqueo automático","Verrouillage automatique","Bloqueio automático","自動ロック"
"dzp_Save_Auto_Lock_Time","Save Auto Lock Time","Save Auto Lock Time","Auto Lock Zeit speichern","保存自动锁定时间","保存自動鎖定時間","保存自動鎖定時間","Сохранить время автоматической блокировки","Uložit čas automatického zámku","Zapisz czas automatycznego blokowania","Automatikus záridő mentése","Salva il tempo di blocco automatico","Guardar tiempo de bloqueo automático","Enregistrer le temps de verrouillage automatique","Salvar o tempo de bloqueio automático","自動ロック時間を保存"
"dzp_invalid_time","Invalid time","Invalid time","Ungültige Zeit","无效时间","無效時間","Недопустимое время","Neplatný čas","Nieprawidłowy czas","Érvénytelen idő","Tempo non valido","Tiempo no válido","Temps invalide","Tempo inválido","無効な時間"
"dzp_auto_lock_state_has_updated","Auto lock state has updated","Auto lock state has updated","Der Auto-Lock-Zustand wurde aktualisiert","自动锁定状态已更新","自動鎖定狀態已更新","Состояние автоматической блокировки обновлено","Stav automatického zámku byl aktualizován","Stan automatycznego zamka został zaktualizowany","Az automatikus zár állapota frissítve lett","Lo stato di blocco automatico è stato aggiornato","El estado de bloqueo automático se ha actualizado","L'état de verrouillage automatique a été mis à jour","O estado de bloqueio automático foi atualizado","自動ロック状態が更新されました"
"dzp_auto_lock_time_has_updated","Auto lock time has updated","Auto lock time has updated","Die Auto-Lock-Zeit wurde aktualisiert","自动锁定时间已更新","自動鎖定時間已更新","Время автоматической блокировки обновлено","Čas automatického zámku byl aktualizován","Czas automatycznego zamka został zaktualizowany","Az automatikus zár időpontja frissítve lett","Il tempo di blocco automatico è stato aggiornato","El tiempo de bloqueo automático se ha actualizado","Le temps de verrouillage automatique a été mis à jour","O tempo de bloqueio automático foi atualizado","自動ロック時間が更新されました"
"dzp_minimum_30_seconds","Minimum 30 seconds","Minimum 30 seconds","Mindestens 30 Sekunden","至少30秒","至少30秒","Минимум 30 секунд","Minimálně 30 sekund","Minimum 30 sekund","Legalább 30 másodperc","Minimo 30 secondi","Mínimo 30 segundos","Minimum 30 secondes","Mínimo de 30 segundos","最小30秒"
"dzp_Test","Test","Test","Test","Test","Test","Тест","Test","Test","Teszt","Test","Test","Test","Test","テスト"
"dzp_buy","Buy","Buy","Kaufen","买","買","Купить","Koupit","Kup","megvesz","Acquistare","Comprar","Acheter","Comprar","購入"
"dzp_sell","Sell","Sell","Verkaufen","卖","賣","Продавать","Prodat","Sprzedać","Elad","Vendere","Vender","Vendre","Vender","売る"
